imdb.id,title,mixedsample,year,firstfest,first
tt8689644,View title page for Hearts and Bones,,,TIFF 2019,Discovery Award
tt5905336,View title page for Stories from the Chestnut Woods,,,TIFF 2019,Discovery Award
tt10883740,View title page for Africa,,,TIFF 2019,Discovery Award
tt10260042,View title page for Antigone,,,TIFF 2019,Discovery Award
tt9143636,View title page for Guest of Honour,,,TIFF 2019,Discovery Award
tt10334456,View title page for Once Were Brothers,,,TIFF 2019,Discovery Award
tt9386648,View title page for Tammy's Always Dying,,,TIFF 2019,Discovery Award
tt8461156,View title page for The Last Porno Show,,,TIFF 2019,Discovery Award
tt8892632,View title page for Black Conflux,,,TIFF 2019,Discovery Award
tt3689484,View title page for Castle in the Ground,,,TIFF 2019,Discovery Award
tt5919756,View title page for Disappearance at Clifton Hill,,,TIFF 2019,Discovery Award
tt10655608,View title page for David Foster: Off the Record,,,TIFF 2019,Discovery Award
tt9057620,View title page for Easy Land,,,TIFF 2019,Discovery Award
tt4292432,View title page for Kuessipan,,,TIFF 2019,Discovery Award
tt9169036,View title page for White Lie,,,TIFF 2019,Discovery Award
tt8230872,View title page for The Body Remembers When the World Broke Open,,,TIFF 2019,Discovery Award
tt1657517,View title page for The Song of Names,,,TIFF 2019,Discovery Award
tt10874006,"View title page for Anne at 13,000 Ft.",,,TIFF 2019,Discovery Award
tt10864040,View title page for There's Something in the Water,,,TIFF 2019,Discovery Award
tt10441486,View title page for And the Birds Rained Down,,,TIFF 2019,Discovery Award
tt10793310,View title page for Coppers,,,TIFF 2019,Discovery Award
tt7969836,View title page for The Twentieth Century,,,TIFF 2019,Discovery Award
tt10475900,View title page for Murmur,,,TIFF 2019,Discovery Award
tt8359842,View title page for It Must Be Heaven,,,TIFF 2019,Discovery Award
tt9109492,View title page for American Woman,,,TIFF 2019,Discovery Award
tt10758534,View title page for One Day in the Life of Noah Piugattuk,,,TIFF 2019,Discovery Award
tt6489562,View title page for Sweetness in the Belly,,,TIFF 2019,Discovery Award
tt8584722,View title page for The Rest of Us,,,TIFF 2019,Discovery Award
tt10728282,View title page for This Is Not a Movie,,,TIFF 2019,Discovery Award
tt10716712,View title page for Raf,,,TIFF 2019,Discovery Award
tt10079636,View title page for This Ink Runs Deep,,,TIFF 2019,Discovery Award
tt10963308,View title page for Rebel,,,TIFF 2019,Discovery Award
tt7725384,View title page for 1982,,,TIFF 2019,Discovery Award
tt4516162,View title page for Martin Eden,,2019,TIFF 2019,Discovery Award
tt10298454,View title page for The Moneychanger,,,TIFF 2019,Discovery Award
tt6290584,View title page for My Zoe,,,TIFF 2019,Discovery Award
tt7374926,View title page for Proxima,,,TIFF 2019,Discovery Award
tt9067182,View title page for Rocks,,,TIFF 2019,Discovery Award
tt5363618,View title page for Sound of Metal,,,TIFF 2019,Discovery Award
tt9822706,View title page for Wet Season,,,TIFF 2019,Discovery Award
tt9451096,View title page for Workforce,,,TIFF 2019,Discovery Award
tt10899680,View title page for The Sleepwalkers,,,TIFF 2019,Discovery Award
tt10519554,View title page for Delphine,,,TIFF 2019,Discovery Award
tt10471716,View title page for I Am in the World as Free and Slender as a Deer on a Plain,,,TIFF 2019,Discovery Award
tt8755868,View title page for Please Speak Continuously and Describe Your Experiences as They Come to You,,,TIFF 2019,Discovery Award
tt10217024,View title page for Oracle,,,TIFF 2019,Discovery Award
tt10418008,View title page for It's Nothing,,,TIFF 2019,Discovery Award
tt9675138,View title page for Measure,,,TIFF 2019,Discovery Award
tt10519238,View title page for Volcano,,,TIFF 2019,Discovery Award
tt10777188,View title page for Now Is the Time,,,TIFF 2019,Discovery Award
tt10368274,View title page for I'll End Up in Jail,,,TIFF 2019,Discovery Award
tt10329270,View title page for The Depths,,,TIFF 2019,Discovery Award
tt10893130,View title page for Hot Flash,,,TIFF 2019,Discovery Award
tt11454944,View title page for The Physics of Sorrow,,,TIFF 2019,Discovery Award
tt10882960,View title page for 2008,,,TIFF 2019,Discovery Award
tt10413396,View title page for No Crying at the Dinner Table,,,TIFF 2019,Discovery Award
tt10586744,View title page for Life Support,,,TIFF 2019,Discovery Award
tt10367274,View title page for Jarvik,,,TIFF 2019,Discovery Award
tt10623508,View title page for All Cats Are Grey in the Dark,,,TIFF 2019,Discovery Award
tt5520360,View title page for Half a Man,,,TIFF 2019,Discovery Award
tt9842732,View title page for Anna,,,TIFF 2019,Discovery Award
tt10219160,View title page for She Runs,,,TIFF 2019,Discovery Award
tt10651850,View title page for Nimic,,,TIFF 2019,Discovery Award
tt10839386,View title page for Daddio,,,TIFF 2019,Discovery Award
tt10219324,View title page for All Inclusive,,,TIFF 2019,Discovery Award
tt10765482,View title page for Ani,,,TIFF 2019,Discovery Award
tt10431376,View title page for Darling,,,TIFF 2019,Discovery Award
tt10151858,View title page for Lucia in Limbo,,,TIFF 2019,Discovery Award
tt10687124,View title page for Hello Ahma,,,TIFF 2019,Discovery Award
tt10864666,View title page for Route-3,,,TIFF 2019,Discovery Award
tt10055160,View title page for Thirsty,,,TIFF 2019,Discovery Award
tt10341088,View title page for Are You Hungry?,,,TIFF 2019,Discovery Award
tt10224888,View title page for And Then the Bear,,,TIFF 2019,Discovery Award
tt9135282,View title page for Reminiscences of the Green Revolution,,,TIFF 2019,Discovery Award
tt10325740,View title page for Toomas Beneath the Valley of the Wild Wolves,,,TIFF 2019,Discovery Award
tt11341446,View title page for Something to Remember,,,TIFF 2019,Discovery Award
tt10304042,View title page for Exam,,,TIFF 2019,Discovery Award
tt9482860,View title page for The Raft,,,TIFF 2019,Discovery Award
tt10923028,View title page for Barakat,,,TIFF 2019,Discovery Award
tt10923060,View title page for Bare Trees in the Mist,,,TIFF 2019,Discovery Award
tt10576452,View title page for Sadla,,,TIFF 2019,Discovery Award
tt10913328,View title page for A Fool God,,,TIFF 2019,Discovery Award
tt10307058,View title page for Why Slugs Have No Legs,,,TIFF 2019,Discovery Award
tt10224960,View title page for The Nap,,,TIFF 2019,Discovery Award
tt10923134,View title page for Daughter,,,TIFF 2019,Discovery Award
tt8081060,View title page for Paperboy,,,TIFF 2019,Discovery Award
tt10603466,View title page for A Febre,,,TIFF 2019,Discovery Award
tt6463320,View title page for Zana,,,TIFF 2019,Discovery Award
tt4193072,View title page for How to Build a Girl,,,TIFF 2019,Discovery Award
tt7178226,View title page for The Cave,,,TIFF 2019,Discovery Award
tt10773380,View title page for I Am Not Alone,,,TIFF 2019,Discovery Award
tt10883124,View title page for Dads,,,TIFF 2019,Discovery Award
tt8228288,View title page for The Platform,,,TIFF 2019,Discovery Award
tt6803046,View title page for The Vast of Night,,,TIFF 2019,Discovery Award
tt7394674,View title page for Blood Quantum,,,TIFF 2019,Discovery Award
tt2584384,View title page for Jojo Rabbit,,,TIFF 2019,Discovery Award
tt7653254,View title page for Marriage Story,,,TIFF 2019,Discovery Award
tt6751668,View title page for Parasite,,,TIFF 2019,Discovery Award
tt9581076,"View title page for So Long, My Son",,,TIFF 2019,Discovery Award
tt8147262,View title page for Made in Bangladesh,,,TIFF 2019,Discovery Award
tt9076466,View title page for Flowers of the Field,,,TIFF 2019,Discovery Award
tt5073642,View title page for Color Out of Space,,,TIFF 2019,Discovery Award
tt9770150,Nomadland,,,TIFF 2020,People's Choice Award
tt10612922,One Night in Miami...,,,TIFF 2020,People's Choice Award
tt11735544,Beans,,,TIFF 2020,People's Choice Award
tt12800946,180 Degree Rule,,,TIFF 2020,People's Choice Award
tt8891904,Inconvenient Indian,,,TIFF 2020,People's Choice Award
tt11161474,Pieces of a Woman,,,TIFF 2020,People's Choice Award
tt11317142,Shiva Baby,,,TIFF 2020,People's Choice Award
tt11187454,Trickster,,,TIFF 2020,People's Choice Award
tt8132778,Night of the Kings,,,TIFF 2020,People's Choice Award
tt9143112,Falling,,,TIFF 2020,People's Choice Award
tt12786834,No Ordinary Man,,,TIFF 2020,People's Choice Award
tt12801798,Fauna,,,TIFF 2020,People's Choice Award
tt12575636,The New Corporation: The Unfortunately Necessary Sequel,,,TIFF 2020,People's Choice Award
tt12801814,Violation,,,TIFF 2020,People's Choice Award
tt12779696,Akilla's Escape,,,TIFF 2020,People's Choice Award
tt11692148,Gaza mon amour,,,TIFF 2020,People's Choice Award
tt8310474,Bruised,,,TIFF 2020,People's Choice Award
tt10795574,A Suitable Boy,,,TIFF 2020,People's Choice Award
tt12575606,"Benjamin, Benny, Ben",,,TIFF 2020,People's Choice Award
tt12816868,Point and Line to Plane,,,TIFF 2020,People's Choice Award
tt12330544,Succor,,,TIFF 2020,People's Choice Award
tt12974790,4 North A,,,TIFF 2020,People's Choice Award
tt12974802,As Spring Comes (Comme la neige au printemps),,,TIFF 2020,People's Choice Award
tt12971692,The Archivists,,,TIFF 2020,People's Choice Award
tt12971578,Aniksha,,,TIFF 2020,People's Choice Award
tt9561918,Sing Me a Lullaby,,,TIFF 2020,People's Choice Award
tt12974900,RKLSS,,,TIFF 2020,People's Choice Award
tt12974812,Black Bodies,,,TIFF 2020,People's Choice Award
tt12660466,Scars,,,TIFF 2020,People's Choice Award
tt12974252,Found Me,,,TIFF 2020,People's Choice Award
tt12974856,Dustin,,,TIFF 2020,People's Choice Award
tt12744422,History of Civilization,,,TIFF 2020,People's Choice Award
tt8448860,Stephanie,,,TIFF 2020,People's Choice Award
tt12723524,In Sudden Darkness,,,TIFF 2020,People's Choice Award
tt11638406,Mountain Cat,,,TIFF 2020,People's Choice Award
tt12974890,Pilar,,,TIFF 2020,People's Choice Award
tt12974868,Das Spiel,,,TIFF 2020,People's Choice Award
tt12974886,"Navozande, the Musician",,,TIFF 2020,People's Choice Award
tt12974908,Sër Bi (Les tissus blancs),,,TIFF 2020,People's Choice Award
tt12974818,David,,,TIFF 2020,People's Choice Award
tt12626334,Marlon Brando,,,TIFF 2020,People's Choice Award
tt9146020,Tie,,,TIFF 2020,People's Choice Award
tt12974878,Loose Fish,,,TIFF 2020,People's Choice Award
tt12853610,Our Hearts Beat Like War,,,TIFF 2020,People's Choice Award
tt12974894,The Price of Cheap Rent,,,TIFF 2020,People's Choice Award
tt12974850,Drought,,,TIFF 2020,People's Choice Award
tt11698640,O Black Hole!,,,TIFF 2020,People's Choice Award
tt8890058,Angelfish,,,TIFF 2020,People's Choice Award
tt12444572,Beginning,,,TIFF 2020,People's Choice Award
tt9691136,Shadow in the Cloud,,,TIFF 2020,People's Choice Award
tt10676042,Downstream to Kinshasa,,,TIFF 2020,People's Choice Award
tt11423784,The Disciple,,,TIFF 2020,People's Choice Award
tt12789558,Belfast,,,TIFF 2021,People's Choice Award
tt10293406,The Power of the Dog,,,TIFF 2021,People's Choice Award
tt9098872,The Rescue,,,TIFF 2021,People's Choice Award
tt7178990,Comala,,,TIFF 2021,People's Choice Award
tt10944760,Titane,,,TIFF 2021,People's Choice Award
tt9860858,"Costa Brava, Lebanon",,,TIFF 2021,People's Choice Award
tt13834788,Yuni,,,TIFF 2021,People's Choice Award
tt10951972,Arthur Rambo,,,TIFF 2021,People's Choice Award
tt11051898,Drunken Birds,,,TIFF 2021,People's Choice Award
tt10062338,Earwig,,,TIFF 2021,People's Choice Award
tt11897340,Huda's Salon,,,TIFF 2021,People's Choice Award
tt13622884,Good Madam,,,TIFF 2021,People's Choice Award
tt13656980,Montana Story,,,TIFF 2021,People's Choice Award
tt15211080,Silent Land,,,TIFF 2021,People's Choice Award
tt14528962,Trumpets in the Sky,,,TIFF 2021,People's Choice Award
tt15392132,Nuisance Bear,,,TIFF 2021,People's Choice Award
tt13833710,The Shaman's Apprentice,,,TIFF 2021,People's Choice Award
tt15220980,Together,,,TIFF 2021,People's Choice Award
tt15397748,Boobs,,,TIFF 2021,People's Choice Award
tt15244314,Dust Bath,,,TIFF 2021,People's Choice Award
tt15398466,Meneath: The Hidden Island of Ethics,,,TIFF 2021,People's Choice Award
tt15345668,Bhai,,,TIFF 2021,People's Choice Award
tt15340244,Defund,,,TIFF 2021,People's Choice Award
tt15207664,Ousmane,,,TIFF 2021,People's Choice Award
tt15398686,Zero,,,TIFF 2021,People's Choice Award
tt14081930,Fanmi,,,TIFF 2021,People's Choice Award
tt15246156,Little Bird,,,TIFF 2021,People's Choice Award
tt15011242,The Syed Family Xmas Eve Game Night,,,TIFF 2021,People's Choice Award
tt15398680,Saturday Night,,,TIFF 2021,People's Choice Award
tt14865594,Twelve Hours,,,TIFF 2021,People's Choice Award
tt14717664,Displaced,,,TIFF 2021,People's Choice Award
tt14135824,Motorcyclist's Happiness Won't Fit Into His Suit,,,TIFF 2021,People's Choice Award
tt14899008,Soft Animals,,,TIFF 2021,People's Choice Award
tt14812800,Sycorax,,,TIFF 2021,People's Choice Award
tt14836958,I Gotta Look Good for the Apocalypse,,,TIFF 2021,People's Choice Award
tt14894894,Hanging On,,,TIFF 2021,People's Choice Award
tt14972316,"Love, Dad",,,TIFF 2021,People's Choice Award
tt15398792,The Future Isn't What It Used To Be,,,TIFF 2021,People's Choice Award
tt13071528,A Few Miles South,,,TIFF 2021,People's Choice Award
tt15398110,Masquerade,,,TIFF 2021,People's Choice Award
tt15398290,I Would Never,,,TIFF 2021,People's Choice Award
tt15215502,Charlotte,,,TIFF 2021,People's Choice Award
tt15398848,White Devil,,,TIFF 2021,People's Choice Award
tt15398742,Some Still Search,,,TIFF 2021,People's Choice Award
tt11090806,You and Me Before and After,,,TIFF 2021,People's Choice Award
tt15073242,Beity,,,TIFF 2021,People's Choice Award
tt13986830,Successful Thawing of Mr. Moro,,,TIFF 2021,People's Choice Award
tt15239576,Shark,,,TIFF 2021,People's Choice Award
tt15397592,Astel,,,TIFF 2021,People's Choice Award
tt11426664,Anatolian Leopard,,,TIFF 2021,People's Choice Award
tt9568230,Night Raiders,,,TIFF 2021,People's Choice Award
tt9310606,The Odd-Job Men,,,TIFF 2021,People's Choice Award
tt9056484,The Other Tom,,,TIFF 2021,People's Choice Award
tt6170406,Dionne Warwick: Don't Make Me Over,,,TIFF 2021,People's Choice Award
tt12890988,Scarborough,,,TIFF 2021,People's Choice Award
tt4440842,The Gravedigger's Wife,,,TIFF 2021,People's Choice Award
tt14091768,Ste. Anne,,,TIFF 2021,People's Choice Award
tt14812784,A Night of Knowing Nothing,,,TIFF 2021,People's Choice Award
tt14225832,Reflection,,,TIFF 2021,People's Choice Award
tt12490110,Domingo,,,TIFF 2021,People's Choice Award
tt8147656,Cool Abdoul,,,TIFF 2021,People's Choice Award
tt13045832,The Eagle's Nest,,,TIFF 2021,People's Choice Award
tt14208870,The Fabelmans,,,TIFF 2022,People's Choice Award
tt13669038,Women Talking,,,TIFF 2022,People's Choice Award
tt11564570,Glass Onion,,,TIFF 2022,People's Choice Award
tt15144270,Black Ice,,,TIFF 2022,People's Choice Award
tt21998498,Maya and the Wave,,,TIFF 2022,People's Choice Award
tt19816018,752 Is Not a Number,,,TIFF 2022,People's Choice Award
tt21820452,The Grab,,,TIFF 2022,People's Choice Award
tt17076046,Weird: The Al Yankovic Story,,,TIFF 2022,People's Choice Award
tt18925334,Pearl,,,TIFF 2022,People's Choice Award
tt11703244,The Blackening,,,TIFF 2022,People's Choice Award
tt21651560,V/H/S/99,,,TIFF 2022,People's Choice Award
tt16226770,Same Old,,,TIFF 2022,People's Choice Award
tt21047794,Sweet As,,,TIFF 2022,People's Choice Award
tt13456340,Riceboy Sleeps,,,TIFF 2022,People's Choice Award
tt12374656,Emily,,,TIFF 2022,People's Choice Award
tt18990128,The Gravity,,,TIFF 2022,People's Choice Award
tt10928202,Hawa,,,TIFF 2022,People's Choice Award
tt21440780,How to Blow Up a Pipeline,,,TIFF 2022,People's Choice Award
tt13920920,Subtraction,,,TIFF 2022,People's Choice Award
tt12390508,Thunder,,,TIFF 2022,People's Choice Award
tt21440560,Viking,,,TIFF 2022,People's Choice Award
tt21637282,Charcoal,,,TIFF 2022,People's Choice Award
tt21638044,Tora's Husband,,,TIFF 2022,People's Choice Award
tt21862252,She Always Wins,,,TIFF 2022,People's Choice Award
tt21797282,AirHostess-737,,,TIFF 2022,People's Choice Award
tt21247140,Simo,,,TIFF 2022,People's Choice Award
tt20240228,The Flying Sailor,,,TIFF 2022,People's Choice Award
tt17275592,Lay Me by the Shore,,,TIFF 2022,People's Choice Award
tt21631716,Canary,,,TIFF 2022,People's Choice Award
tt21424578,À la vie à l'amor,,,TIFF 2022,People's Choice Award
tt18231784,No Ghost in the Morgue,,,TIFF 2022,People's Choice Award
tt16117166,Scaring Women at Night,,,TIFF 2022,People's Choice Award
tt13142278,Pleasure Garden,,,TIFF 2022,People's Choice Award
tt21853554,Municipal Relaxation Module,,,TIFF 2022,People's Choice Award
tt21920446,Snow in September,,,TIFF 2022,People's Choice Award
tt20112734,Backflip,,,TIFF 2022,People's Choice Award
tt11542496,O Homem do Lixo,,,TIFF 2022,People's Choice Award
tt19781688,Ice Merchants,,,TIFF 2022,People's Choice Award
tt11854700,I'm on Fire,,,TIFF 2022,People's Choice Award
tt14998762,Gary Screams for You,,,TIFF 2022,People's Choice Award
tt20215392,Le pupille,,,TIFF 2022,People's Choice Award
tt19844654,Hai Bian Sheng Qi Yi Zuo Xuan Ya,,,TIFF 2022,People's Choice Award
tt19396182,The Pass,,,TIFF 2022,People's Choice Award
tt19781766,Las criaturas que se derriten bajo el sol,,,TIFF 2022,People's Choice Award
tt21350418,Liturgy of Anti-Tank Obstacles,,,TIFF 2022,People's Choice Award
tt20223392,Beben,,,TIFF 2022,People's Choice Award
tt21924626,Todo Incluido,,,TIFF 2022,People's Choice Award
tt22005940,Rest Stop,,,TIFF 2022,People's Choice Award
tt21879724,Baba,,,TIFF 2022,People's Choice Award
tt22005990,Anastasia,,,TIFF 2022,People's Choice Award
tt22006118,Against Reality,,,TIFF 2022,People's Choice Award
tt22005922,Nanitic,,,TIFF 2022,People's Choice Award
tt11575358,A Gaza Weekend,,,TIFF 2022,People's Choice Award
tt6875952,Carmen,,,TIFF 2022,People's Choice Award
tt20516932,The Umbrella Men,,,TIFF 2022,People's Choice Award
tt21413834,Something You Said Last Night,,,TIFF 2022,People's Choice Award
tt16377714,Leonor Will Never Die,,,TIFF 2022,People's Choice Award
tt21818816,While We Watched,,,TIFF 2022,People's Choice Award
tt21688772,To Kill a Tiger,,,TIFF 2022,People's Choice Award
tt17520962,Without Her,,,TIFF 2022,People's Choice Award
tt13139228,My Policeman,,,TIFF 2022,People's Choice Award
tt23561236,American Fiction,,,TIFF 2023,People's Choice Award
tt14849194,The Holdovers,,,TIFF 2023,People's Choice Award
tt6587046,The Boy and the Heron,,,TIFF 2023,People's Choice Award
tt12277540,Mr. Dressup: The Magic of Make-Believe,,,TIFF 2023,People's Choice Award
tt21806358,Summer Qamp,,,TIFF 2023,People's Choice Award
tt28448182,Mountain Queen: The Summits of Lhakpa Sherpa,,,TIFF 2023,People's Choice Award
tt27531514,In the Rearview,,,TIFF 2023,People's Choice Award
tt28581313,God Is a Woman,,,TIFF 2023,People's Choice Award
tt7130916,Dicks: The Musical,,,TIFF 2023,People's Choice Award
tt28259207,Kill,,,TIFF 2023,People's Choice Award
tt21267296,Hell of a Summer,,,TIFF 2023,People's Choice Award
tt11678912,Working Class Goes to Hell,,,TIFF 2023,People's Choice Award
tt28554013,Naga,,,TIFF 2023,People's Choice Award
tt28534120,Achilles,,,TIFF 2023,People's Choice Award
tt15495540,Without Air,,,TIFF 2023,People's Choice Award
tt27715185,Solo,,,TIFF 2023,People's Choice Award
tt26248528,A Match,,,TIFF 2023,People's Choice Award
tt26542557,Dear Jassi,,,TIFF 2023,People's Choice Award
tt21942866,Dream Scenario,,,TIFF 2023,People's Choice Award
tt28568332,Great Absence,,,TIFF 2023,People's Choice Award
tt18233134,I Told You So,,,TIFF 2023,People's Choice Award
tt6632018,The King Tide,,,TIFF 2023,People's Choice Award
tt28542205,Not a Word,,,TIFF 2023,People's Choice Award
tt13866710,Sisterhood,,,TIFF 2023,People's Choice Award
tt21909836,Shame on Dry Land,,,TIFF 2023,People's Choice Award
tt26006816,Spirit of Ecstasy,,,TIFF 2023,People's Choice Award
tt21920634,The Rye Horn,,,TIFF 2023,People's Choice Award
tt28624863,Motherland,,,TIFF 2023,People's Choice Award
tt28320453,Meteor,,,TIFF 2023,People's Choice Award
tt27051815,Gaby les collines,,,TIFF 2023,People's Choice Award
tt26818913,Les Patins,,,TIFF 2023,People's Choice Award
tt27159536,Bloom,,,TIFF 2023,People's Choice Award
tt28667868,Redlights,,,TIFF 2023,People's Choice Award
tt28207603,Aftercare,,,TIFF 2023,People's Choice Award
tt28285666,Faire un enfant,,,TIFF 2023,People's Choice Award
tt28670290,Mothers and Monsters,,,TIFF 2023,People's Choice Award
tt28670305,Express,,,TIFF 2023,People's Choice Award
tt28670320,Lake Baikal,,,TIFF 2023,People's Choice Award
tt28670486,Aphasie,,,TIFF 2023,People's Choice Award
tt28298460,I Used to Live There,,,TIFF 2023,People's Choice Award
tt27304412,This Is Not About Swimming,,,TIFF 2023,People's Choice Award
tt28670609,"Xie Xie, Ollie",,,TIFF 2023,People's Choice Award
tt28670680,6 Minutes Per Kilometer,,,TIFF 2023,People's Choice Award
tt28670721,Modern Goose,,,TIFF 2023,People's Choice Award
tt28669515,All the Days of May,,,TIFF 2023,People's Choice Award
tt27683631,Electra,,,TIFF 2023,People's Choice Award
tt13021784,27,,,TIFF 2023,People's Choice Award
tt27770907,La Perra,,,TIFF 2023,People's Choice Award
tt27658383,Intrusion,,,TIFF 2023,People's Choice Award
tt24656910,Shé (Snake),,,TIFF 2023,People's Choice Award
tt28365411,Been There,,,TIFF 2023,People's Choice Award
tt28669414,"Titanic, noskhe monaseb baraye khanevadehaye irani",,,TIFF 2023,People's Choice Award
tt28670640,The Heart,,,TIFF 2023,People's Choice Award
tt28669319,This is TMI,,,TIFF 2023,People's Choice Award
tt28101297,Nun or Never!,,,TIFF 2023,People's Choice Award
tt28293679,The Passing,,,TIFF 2023,People's Choice Award
tt28667608,1001 noc,,,TIFF 2023,People's Choice Award
tt28670268,Alberto and the Beast,,,TIFF 2023,People's Choice Award
tt27803294,"Mboa Matanda, le tournoi des rois",,,TIFF 2023,People's Choice Award
tt27689988,Nada de todo esto,,,TIFF 2023,People's Choice Award
tt28667599,Primetime Mother,,,TIFF 2023,People's Choice Award
tt28294769,Dammi,,,TIFF 2023,People's Choice Award
tt28669570,Bird,,,TIFF 2023,People's Choice Award
tt28670255,Human Resources,,,TIFF 2023,People's Choice Award
tt23742932,Woaca,,,TIFF 2023,People's Choice Award
tt28500137,Pássaro Memória,,,TIFF 2023,People's Choice Award
tt28670453,Sawo Matang,,,TIFF 2023,People's Choice Award
tt28326526,"O gün bu gündür, uçuyorum",,,TIFF 2023,People's Choice Award
tt28670766,Sheephead,,,TIFF 2023,People's Choice Award
tt23642420,Seagrass,,,TIFF 2023,People's Choice Award
tt18688552,Kanaval,,,TIFF 2023,People's Choice Award
tt28639049,We Grown Now,,,TIFF 2023,People's Choice Award
tt28679280,What We See,,,TIFF 2023,People's Choice Award
tt26594993,Amelia's Children,,,TIFF 2023,People's Choice Award
tt12908150,The Life of Chuck,,,TIFF 2024,People's Choice Award
tt20221436,Emilia Pérez,,,TIFF 2024,People's Choice Award
tt28607951,Anora,,,TIFF 2024,People's Choice Award
tt22023622,To a Land Unknown,,,TIFF 2024,People's Choice Award
tt18691614,Anywhere Anytime,,,TIFF 2024,People's Choice Award
tt31350080,April,,,TIFF 2024,People's Choice Award
tt32890130,Under the Volcano,,,TIFF 2024,People's Choice Award
tt19783734,U Are the Universe,,,TIFF 2024,People's Choice Award
tt33312360,The Tragically Hip: No Dress Rehearsal,,,TIFF 2024,People's Choice Award
tt30321133,Will & Harper,,,TIFF 2024,People's Choice Award
tt33084872,Your Tomorrow,,,TIFF 2024,People's Choice Award
tt17044840,Tata,,,TIFF 2024,People's Choice Award
tt17526714,The Substance,,,TIFF 2024,People's Choice Award
tt17079606,Dead Talents Society,,,TIFF 2024,People's Choice Award
tt30505698,Friendship,,,TIFF 2024,People's Choice Award
tt33035860,Les courageux,,,TIFF 2024,People's Choice Award
tt33035283,Ink Wash,,,TIFF 2024,People's Choice Award
tt32424927,Village Keeper,,,TIFF 2024,People's Choice Award
tt29634258,Shepherds,,,TIFF 2024,People's Choice Award
tt33292146,Katabasis,,,TIFF 2024,People's Choice Award
tt14093994,The Last of the Sea Women,,,TIFF 2024,People's Choice Award
tt22208340,In the Fire of War,,,TIFF 2024,People's Choice Award
tt32238611,Bound in Heaven,,,TIFF 2024,People's Choice Award
tt31464877,Saba,,,TIFF 2024,People's Choice Award
tt33317291,Quota,,,TIFF 2024,People's Choice Award
tt33087322,Are You Scared to Be Yourself Because You Think That You Might Fail?,,,TIFF 2024,People's Choice Award
tt33099535,Before They Joined Us,,,TIFF 2024,People's Choice Award
tt33086973,Fantas,,,TIFF 2024,People's Choice Award
tt29520774,The Best,,,TIFF 2024,People's Choice Award
tt32601294,Maybe Elephants,,,TIFF 2024,People's Choice Award
tt32205767,Perfectly a Strangeness,,,TIFF 2024,People's Choice Award
tt33015167,Who Loves the Sun,,,TIFF 2024,People's Choice Award
tt32444952,One Day This Kid,,,TIFF 2024,People's Choice Award
tt12429712,On a Sunday at Eleven,,,TIFF 2024,People's Choice Award
tt33317303,The Wolf,,,TIFF 2024,People's Choice Award
tt32144500,Alazar,,,TIFF 2024,People's Choice Award
tt33317127,Inkwo for When the Starving Return,,,TIFF 2024,People's Choice Award
tt33317081,Welima'q,,,TIFF 2024,People's Choice Award
tt30495767,Julian and the Wind,,,TIFF 2024,People's Choice Award
tt32480506,Mercenaire,,,TIFF 2024,People's Choice Award
tt33096238,Solemates,,,TIFF 2024,People's Choice Award
tt33317061,Däck 5B,,,TIFF 2024,People's Choice Award
tt30751010,Silent Panorama,,,TIFF 2024,People's Choice Award
tt32205774,Amarela,,,TIFF 2024,People's Choice Award
tt29869027,Aïda Non Plus,,,TIFF 2024,People's Choice Award
tt33091593,The Beguiling,,,TIFF 2024,People's Choice Award
tt32810843,The Cost of Hugging,,,TIFF 2024,People's Choice Award
tt32365707,O,,,TIFF 2024,People's Choice Award
tt32342056,Percebes,,,TIFF 2024,People's Choice Award
tt32144480,Sauna Day,,,TIFF 2024,People's Choice Award
tt33131401,Never Have I Ever,,,TIFF 2024,People's Choice Award
tt32205738,Rrugës,,,TIFF 2024,People's Choice Award
tt32923607,"Wrecked a Bunch of Cars, Had a Good Time",,,TIFF 2024,People's Choice Award
tt32875105,The Yellow,,,TIFF 2024,People's Choice Award
tt32897626,1 hijo & 1 padre,,,TIFF 2024,People's Choice Award
tt32560209,La Voix des Sirènes,,,TIFF 2024,People's Choice Award
tt28632018,Stomach Bug,,,TIFF 2024,People's Choice Award
tt20519854,The Man Who Could Not Remain Silent,,,TIFF 2024,People's Choice Award
tt33202250,Vox Humana,,,TIFF 2024,People's Choice Award
tt33202234,Loser Baby,,,TIFF 2024,People's Choice Award
tt32989921,Marion,,,TIFF 2024,People's Choice Award
tt30207757,Potenciais à Deriva,,,TIFF 2024,People's Choice Award
tt14778372,Mother Mother,,,TIFF 2024,People's Choice Award
tt27434692,Brothers of Babylon,,,TIFF 2024,People's Choice Award
tt31691389,Universal Language,,,TIFF 2024,People's Choice Award
tt27142003,Polvo serán,,,TIFF 2024,People's Choice Award
tt29271889,Daughter's Daughter,,,TIFF 2024,People's Choice Award
tt26676914,Daniela Forever,,,TIFF 2024,People's Choice Award
tt7972570,Mr. K,,,TIFF 2024,People's Choice Award
tt27170114,Paying for It,,,TIFF 2024,People's Choice Award
tt27717667,Pedro Páramo,,,TIFF 2024,People's Choice Award
tt21905244,Triumph,,,TIFF 2024,People's Choice Award
tt30519830,Winter in Sokcho,,,TIFF 2024,People's Choice Award
tt33034110,Viktor,,,TIFF 2024,People's Choice Award
tt30768181,The Wolves Always Come at Night,,,TIFF 2024,People's Choice Award
tt7264528,You Are Not Alone,,,TIFF 2024,People's Choice Award
tt14905854,Hamnet,,,TIFF 2025,People's Choice Award
tt1312221,Frankenstein,,,TIFF 2025,People's Choice Award
tt14364480,Wake Up Dead Man,,,TIFF 2025,People's Choice Award
tt33350479,The Road Between Us: The Ultimate Rescue,,,TIFF 2025,People's Choice Award
tt35003538,EPiC: Elvis Presley in Concert,,,TIFF 2025,People's Choice Award
tt31726535,"You Had to Be There: How the Toronto Godspell Ignited the Comedy Revolution, Spread Love & Overalls, and Created a Community That Changed the World (in a Canadian Kind of Way)",,,TIFF 2025,People's Choice Award
tt35522483,Nirvanna the Band the Show the Movie,,,TIFF 2025,People's Choice Award
tt37287335,Obsession,,,TIFF 2025,People's Choice Award
tt33311069,The Furious,,,TIFF 2025,People's Choice Award
tt13597298,Julian,,,TIFF 2025,People's Choice Award
tt37674996,As We Breathe,,,TIFF 2025,People's Choice Award
tt35375401,Oce nas,,,TIFF 2025,People's Choice Award
tt35449355,Wrong Husband,,,TIFF 2025,People's Choice Award
tt23787976,In a Tamasic World,,,TIFF 2025,People's Choice Award
tt36390021,In Search of the Sky,,,TIFF 2025,People's Choice Award
tt36724191,Agapito,,,TIFF 2025,People's Choice Award
tt37844412,A Soft Touch,,,TIFF 2025,People's Choice Award
tt36592131,Une Fugue,,,TIFF 2025,People's Choice Award
tt36956820,The Girl Who Cried Pearls,,,TIFF 2025,People's Choice Award
tt37844385,More Than Happy,,,TIFF 2025,People's Choice Award
tt37507660,Once in a Body,,,TIFF 2025,People's Choice Award
tt37673263,Praying Mantis,,,TIFF 2025,People's Choice Award
tt37844425,UM,,,TIFF 2025,People's Choice Award
tt36724193,Fille de l'eau,,,TIFF 2025,People's Choice Award
tt37505195,Ce Qu'on Laisse Derrière,,,TIFF 2025,People's Choice Award
tt32516461,Ambush,,,TIFF 2025,People's Choice Award
tt37835851,Bots,,,TIFF 2025,People's Choice Award
tt37843939,Demons,,,TIFF 2025,People's Choice Award
tt33307473,Dish Pit,,,TIFF 2025,People's Choice Award
tt37842648,Healer,,,TIFF 2025,People's Choice Award
tt37843479,I Fear Blue Skies,,,TIFF 2025,People's Choice Award
tt37842711,Jazz Infernal,,,TIFF 2025,People's Choice Award
tt34615501,Karupy,,,TIFF 2025,People's Choice Award
tt37835848,Marriaginalia,,,TIFF 2025,People's Choice Award
tt37844416,Klee,,,TIFF 2025,People's Choice Award
tt37599545,Niimi,,,TIFF 2025,People's Choice Award
tt37844437,Poster Boy,,,TIFF 2025,People's Choice Award
tt32740047,Pink Light,,,TIFF 2025,People's Choice Award
tt37843082,Ramón Who Speaks to Ghosts,,,TIFF 2025,People's Choice Award
tt36022809,Sea Star,,,TIFF 2025,People's Choice Award
tt37834734,Year of the Dragon,,,TIFF 2025,People's Choice Award
tt36671959,Talk Me,,,TIFF 2025,People's Choice Award
tt37798645,All the Empty Rooms,,,TIFF 2025,People's Choice Award
tt36724188,Ali,,,TIFF 2025,People's Choice Award
tt36693324,Arguments in Favor of Love,,,TIFF 2025,People's Choice Award
tt37843932,Asparagus Bear,,,TIFF 2025,People's Choice Award
tt36582083,Death of the Fish,,,TIFF 2025,People's Choice Award
tt37513534,The Contestant,,,TIFF 2025,People's Choice Award
tt32986823,DISC,,,TIFF 2025,People's Choice Award
tt31834881,Dust to Dreams,,,TIFF 2025,People's Choice Award
tt37842647,Divers,,,TIFF 2025,People's Choice Award
tt37844247,Fiction Contract,,,TIFF 2025,People's Choice Award
tt35598137,Earworm,,,TIFF 2025,People's Choice Award
tt36724190,I'm Glad You're Dead Now,,,TIFF 2025,People's Choice Award
tt34798924,The Non-Actor,,,TIFF 2025,People's Choice Award
tt37843166,Permanent Guest,,,TIFF 2025,People's Choice Award
tt37843742,"Not Scared, Just Sad",,,TIFF 2025,People's Choice Award
tt37844421,Quietness,,,TIFF 2025,People's Choice Award
tt36590525,Ripe,,,TIFF 2025,People's Choice Award
tt37502882,Une Fenêtre Plein Sud,,,TIFF 2025,People's Choice Award
tt37842632,A Small Fiction of My Mother in Beijing,,,TIFF 2025,People's Choice Award
tt34365258,Thanks to Meet You!,,,TIFF 2025,People's Choice Award
tt37844422,The Veil,,,TIFF 2025,People's Choice Award
tt32126595,Forastera,,,TIFF 2025,People's Choice Award
tt37816113,There Are No Words,,,TIFF 2025,People's Choice Award
tt1527793,No Other Choice,,,TIFF 2025,People's Choice Award
tt27714581,Sentimental Value,,,TIFF 2025,People's Choice Award
tt26733325,Homebound,,,TIFF 2025,People's Choice Award
tt32252801,Blue Heron,,,TIFF 2025,People's Choice Award
tt37661902,To the Victory!,,,TIFF 2025,People's Choice Award
tt37661864,Between Dreams and Hope,,,TIFF 2025,People's Choice Award
tt36543744,Bouchra,,,TIFF 2025,People's Choice Award
tt29283995,Hen,,,TIFF 2025,People's Choice Award
tt35519445,Nino,,,TIFF 2025,People's Choice Award
tt32352280,At the Place of Ghosts,,,TIFF 2025,People's Choice Award
tt32985279,Steve,,,TIFF 2025,People's Choice Award
tt35746682,The Currents,,,TIFF 2025,People's Choice Award
tt37661885,The World of Love,,,TIFF 2025,People's Choice Award
tt30235784,Winter of the Crow,,,TIFF 2025,People's Choice Award
tt37343128,100 Sunset,,,TIFF 2025,People's Choice Award
tt8075192,Shoplifters,,,Cannes 2018,Palme d'Or
tt4964788,Everybody Knows,,,Cannes 2018,Palme d'Or
tt7555774,At War,,,Cannes 2018,Palme d'Or
tt6768578,Dogman,,,Cannes 2018,Palme d'Or
tt5749596,The Image Book,,,Cannes 2018,Palme d'Or
tt7112154,Asako I & II,,,Cannes 2018,Palme d'Or
tt7534054,Sorry Angel,,,Cannes 2018,Palme d'Or
tt6704880,Girls of the Sun,,,Cannes 2018,Palme d'Or
tt7298400,Ash Is Purest White,,,Cannes 2018,Palme d'Or
tt8267604,Capernaum,,,Cannes 2018,Palme d'Or
tt7282468,Burning,,,Cannes 2018,Palme d'Or
tt7349662,BlacKkKlansman,,,Cannes 2018,Palme d'Or
tt5691670,Under the Silver Lake,,,Cannes 2018,Palme d'Or
tt8269552,3 Faces,,,Cannes 2018,Palme d'Or
tt6543652,Cold War,,,Cannes 2018,Palme d'Or
tt6752992,Happy as Lazzaro,,,Cannes 2018,Palme d'Or
tt7342838,Leto,,,Cannes 2018,Palme d'Or
tt6846432,Yomeddine,,,Cannes 2018,Palme d'Or
tt6426028,Knife + Heart,,,Cannes 2018,Palme d'Or
tt8305116,Ayka,,,Cannes 2018,Palme d'Or
tt6628102,The Wild Pear Tree,,,Cannes 2018,Palme d'Or
tt8296620,On the Border,,,Cannes 2018,Palme d'Or
tt8254556,Girl,,,Cannes 2018,Palme d'Or
tt4920450,Chris the Swiss,,,Cannes 2018,Palme d'Or
tt5929754,Wildlife,,,Cannes 2018,Palme d'Or
tt6820256,Arctic,,,Cannes 2018,Palme d'Or
tt7485508,Carmen & Lola,,,Cannes 2018,Palme d'Or
tt7888070,Treat Me Like Fire,,,Cannes 2018,Palme d'Or
tt8274146,One Day,,,Cannes 2018,Palme d'Or
tt7163824,The Load,,,Cannes 2018,Palme d'Or
tt8296592,Sofia,,,Cannes 2018,Palme d'Or
tt6992946,My Favorite Fabric,,,Cannes 2018,Palme d'Or
tt8307082,Sauvage/Wild,,,Cannes 2018,Palme d'Or
tt8144850,The Harvesters,,,Cannes 2018,Palme d'Or
tt7502234,Little Tickles,,,Cannes 2018,Palme d'Or
tt8459250,Shéhérazade,,,Cannes 2018,Palme d'Or
tt8517672,El verano del léon eléctrico,,,Cannes 2018,Palme d'Or
tt7816592,Palm Trees and Power Lines,,,Cannes 2018,Palme d'Or
tt8293908,I Am My Own Mother,,,Cannes 2018,Palme d'Or
tt7945638,Like A Good Kid,,,Cannes 2018,Palme d'Or
tt8273350,End of Season,,,Cannes 2018,Palme d'Or
tt8358616,Inanimate,,,Cannes 2018,Palme d'Or
tt7724020,Los tiempos de Héctor,,,Cannes 2018,Palme d'Or
tt7233846,Dots,,,Cannes 2018,Palme d'Or
tt6917314,Io sono Tempesta,,,Cannes 2018,Palme d'Or
tt8376498,Così in terra,,,Cannes 2018,Palme d'Or
tt8547964,Cinco minutos afuera,,,Cannes 2018,Palme d'Or
tt8517728,Calendar,,,Cannes 2018,Palme d'Or
tt5501104,Border,,,Cannes 2018,Palme d'Or
tt8185182,Long Day's Journey Into Night,,,Cannes 2018,Palme d'Or
tt7779590,Euphoria,,,Cannes 2018,Palme d'Or
tt8282042,Donbass,,,Cannes 2018,Palme d'Or
tt7204348,El Angel,,,Cannes 2018,Palme d'Or
tt7534096,Angel Face,,,Cannes 2018,Palme d'Or
tt8423962,The Dead and the Others,,,Cannes 2018,Palme d'Or
tt8269378,The Gentle Indifference of the World,,,Cannes 2018,Palme d'Or
tt6268812,In My Room,,,Cannes 2018,Palme d'Or
tt6923462,Manto,,,Cannes 2018,Palme d'Or
tt8311792,"Murder Me, Monster",,,Cannes 2018,Palme d'Or
tt8286894,Rafiki,,,Cannes 2018,Palme d'Or
tt7279188,Woman at War,,,Cannes 2018,Palme d'Or
tt8435416,Un jour de mariage,,,Cannes 2018,Palme d'Or
tt8362948,Hector Malot: The Last Day of the Year,,,Cannes 2018,Palme d'Or
tt8287236,Tiikeri,,,Cannes 2018,Palme d'Or
tt8316166,"Amor, Avenidas Novas",,,Cannes 2018,Palme d'Or
tt8234958,Schächer,,,Cannes 2018,Palme d'Or
tt8512468,Ya normalniy,,,Cannes 2018,Palme d'Or
tt8435402,La persistente,,,Cannes 2018,Palme d'Or
tt8140128,Mo-Bum-Shi-Min,,,Cannes 2018,Palme d'Or
tt8419668,Pauline asservie,,,Cannes 2018,Palme d'Or
tt7133528,Lucia's Grace,,,Cannes 2018,Palme d'Or
tt8359848,Climax,,,Cannes 2018,Palme d'Or
tt8005982,Guns Found Here,,,Cannes 2018,Palme d'Or
tt7718802,Man of the Hour,,,Cannes 2018,Palme d'Or
tt8296622,All These Creatures,,,Cannes 2018,Palme d'Or
tt7352856,Caroline,,,Cannes 2018,Palme d'Or
tt7233782,Tariki,,,Cannes 2018,Palme d'Or
tt8296612,Judgement,,,Cannes 2018,Palme d'Or
tt8296610,Gabriel,,,Cannes 2018,Palme d'Or
tt8296616,Impossible Figures and Other Stories III,,,Cannes 2018,Palme d'Or
tt8296618,Duality,,,Cannes 2018,Palme d'Or
tt8260656,Skip Day,,,Cannes 2018,Palme d'Or
tt8515188,Our Song to War,,,Cannes 2018,Palme d'Or
tt8253972,Le sujet,,,Cannes 2018,Palme d'Or
tt7925798,This Magnificent Cake!,,,Cannes 2018,Palme d'Or
tt8321590,The Orphan,,,Cannes 2018,Palme d'Or
tt8395524,The Fight,,,Cannes 2018,Palme d'Or
tt8515140,Basses,,,Cannes 2018,Palme d'Or
tt8362894,The Night of the Plastic Bags,,,Cannes 2018,Palme d'Or
tt8496414,The Song,,,Cannes 2018,Palme d'Or
tt8159562,"Cassandro, The Exotico!",,,Cannes 2018,Palme d'Or
tt8299896,Love Blooms,,,Cannes 2018,Palme d'Or
tt5740866,Whitney,,,Cannes 2018,Palme d'Or
tt6522668,Diamantino,,,Cannes 2018,Palme d'Or
tt7142506,Sir,,,Cannes 2018,Palme d'Or
tt8397524,Samouni Road,,,Cannes 2018,Palme d'Or
tt6915100,Pope Francis: A Man of His Word,,,Cannes 2018,Palme d'Or
tt8296608,Dead Souls,,,Cannes 2018,Palme d'Or
tt3146022,Be Natural: The Untold Story of Alice Guy-Blaché,,,Cannes 2018,Palme d'Or
tt7689958,Jane Fonda in Five Acts,,,Cannes 2018,Palme d'Or
tt8371772,The Eyes of Orson Welles,,,Cannes 2018,Palme d'Or
tt6210160,Searching for Ingmar Bergman,,,Cannes 2018,Palme d'Or
tt6109168,Bergman: A Year in a Life,,,Cannes 2018,Palme d'Or
tt8296606,To the Four Winds,,,Cannes 2018,Palme d'Or
tt7543794,La traversée,,,Cannes 2018,Palme d'Or
tt8296602,The State Against Mandela and the Others,,,Cannes 2018,Palme d'Or
tt2967856,Another Day of Life,,,Cannes 2018,Palme d'Or
tt7534068,The Trouble with You,,,Cannes 2018,Palme d'Or
tt7628080,The Pluto Moment,,,Cannes 2018,Palme d'Or
tt7051048,Fugue,,,Cannes 2018,Palme d'Or
tt7385124,Srbenka,,,Cannes 2018,Palme d'Or
tt6695212,Wajib,,,Cannes 2018,Palme d'Or
tt6751668,Parasite,,,Cannes 2019,Palme d'Or
tt7131622,Once Upon a Time... in Hollywood,,,Cannes 2019,Palme d'Or
tt8253606,"Mektoub, My Love: Intermezzo",,,Cannes 2019,Palme d'Or
tt7921248,The Whistlers,,,Cannes 2019,Palme d'Or
tt8291806,Pain and Glory,,,Cannes 2019,Palme d'Or
tt8695030,The Dead Don't Die,,,Cannes 2019,Palme d'Or
tt7736478,The Traitor,,,Cannes 2019,Palme d'Or
tt9647768,The Wild Goose Lake,,,Cannes 2019,Palme d'Or
tt8359822,Young Ahmed,,,Cannes 2019,Palme d'Or
tt8359840,Oh Mercy!,,,Cannes 2019,Palme d'Or
tt8767908,Matthias & Maxime,,,Cannes 2019,Palme d'Or
tt9204204,Little Joe,,,Cannes 2019,Palme d'Or
tt8359816,Sorry We Missed You,,,Cannes 2019,Palme d'Or
tt5827916,A Hidden Life,,,Cannes 2019,Palme d'Or
tt2762506,Bacurau,,,Cannes 2019,Palme d'Or
tt8019694,Frankie,,,Cannes 2019,Palme d'Or
tt8613070,Portrait of a Lady on Fire,,,Cannes 2019,Palme d'Or
tt8359842,It Must Be Heaven,,,Cannes 2019,Palme d'Or
tt9173264,Sibyl,,,Cannes 2019,Palme d'Or
tt10199590,Les Misérables,,,Cannes 2019,Palme d'Or
tt10199586,Atlantics,,,Cannes 2019,Palme d'Or
tt10224954,Monster God,,,Cannes 2019,Palme d'Or
tt9206516,Our Mothers,,,Cannes 2019,Palme d'Or
tt7007696,Share,,,Cannes 2019,Palme d'Or
tt10008784,Bull,,,Cannes 2019,Palme d'Or
tt8637440,The Climb,,,Cannes 2019,Palme d'Or
tt10077998,The Unknown Saint,,,Cannes 2019,Palme d'Or
tt9615278,Abou Leila,,,Cannes 2019,Palme d'Or
tt10219146,Dwelling in the Fuchun Mountains,,,Cannes 2019,Palme d'Or
tt9041212,Heroes Don't Die,,,Cannes 2019,Palme d'Or
tt10155342,A Brother's Love,,,Cannes 2019,Palme d'Or
tt3856408,Making Waves: The Art of Cinematic Sound,,,Cannes 2019,Palme d'Or
tt7587282,Port Authority,,,Cannes 2019,Palme d'Or
tt10222752,"Sick, Sick, Sick",,,Cannes 2019,Palme d'Or
tt1824932,Song Without a Name,,,Cannes 2019,Palme d'Or
tt10228204,The Bare Necessity,,,Cannes 2019,Palme d'Or
tt10199668,Summer of Changsha,,,Cannes 2019,Palme d'Or
tt10223546,You Deserve a Lover,,,Cannes 2019,Palme d'Or
tt9806192,I Lost My Body,,,Cannes 2019,Palme d'Or
tt10219406,Land of Ashes,,,Cannes 2019,Palme d'Or
tt9431740,Homeward,,,Cannes 2019,Palme d'Or
tt10244754,Lillian,,,Cannes 2019,Palme d'Or
tt8302982,Particles,,,Cannes 2019,Palme d'Or
tt8336716,Mano a mano,,,Cannes 2019,Palme d'Or
tt8530868,Hieu,,,Cannes 2019,Palme d'Or
tt10341630,Ambience,,,Cannes 2019,Palme d'Or
tt10341888,The Little Soul,,,Cannes 2019,Palme d'Or
tt10288968,Jeremiah,,,Cannes 2019,Palme d'Or
tt10290566,Pura Vida,,,Cannes 2019,Palme d'Or
tt10291640,Adam,,,Cannes 2019,Palme d'Or
tt8692814,Rift,,,Cannes 2019,Palme d'Or
tt10307380,Solar Plexus,,,Cannes 2019,Palme d'Or
tt9016106,Rosso: La vera storia falsa del pescatore Clemente,,,Cannes 2019,Palme d'Or
tt8340038,As Up to Now,,,Cannes 2019,Palme d'Or
tt10094226,Favourites,,,Cannes 2019,Palme d'Or
tt9620820,Roadkill,,,Cannes 2019,Palme d'Or
tt10125414,Bamboe,,,Cannes 2019,Palme d'Or
tt10291020,Complex Subject,,,Cannes 2019,Palme d'Or
tt10341642,One Hundred and Twenty-Eight Thousand,,,Cannes 2019,Palme d'Or
tt10341968,Alien,,,Cannes 2019,Palme d'Or
tt6390668,Invisible Life,,,Cannes 2019,Palme d'Or
tt7534102,The Swallows of Kabul,,,Cannes 2019,Palme d'Or
tt10115562,On a Magical Night,,,Cannes 2019,Palme d'Or
tt9522080,Papicha,,,Cannes 2019,Palme d'Or
tt10199640,Beanpole,,,Cannes 2019,Palme d'Or
tt8212958,Fire Will Come,,,Cannes 2019,Palme d'Or
tt10199664,Adam,,,Cannes 2019,Palme d'Or
tt10199670,Liberté,,,Cannes 2019,Palme d'Or
tt9404442,Nina Wu,,,Cannes 2019,Palme d'Or
tt8669356,Joan of Arc,,,Cannes 2019,Palme d'Or
tt6284064,The Bears' Famous Invasion of Sicily,,,Cannes 2019,Palme d'Or
tt10287616,Once in Trubchevsk,,,Cannes 2019,Palme d'Or
tt9253666,No Ill Will,,,Cannes 2019,Palme d'Or
tt10219498,Party Day,,,Cannes 2019,Palme d'Or
tt10151858,Lucia in Limbo,,,Cannes 2019,Palme d'Or
tt10280050,The Last Trip to the Seaside,,,Cannes 2019,Palme d'Or
tt10390454,The Trap,,,Cannes 2019,Palme d'Or
tt10300628,The Manila Lover,,,Cannes 2019,Palme d'Or
tt10415710,Journey Through a Body,,,Cannes 2019,Palme d'Or
tt10368272,Tuesday from 8 to 6,,,Cannes 2019,Palme d'Or
tt10415722,Kolektyviniai sodai,,,Cannes 2019,Palme d'Or
tt10225288,To Live to Sing,,,Cannes 2019,Palme d'Or
tt8903840,Alice and the Mayor,,,Cannes 2019,Palme d'Or
tt7984734,The Lighthouse,,,Cannes 2019,Palme d'Or
tt10214916,The Distance Between Us and the Sky,,,Cannes 2019,Palme d'Or
tt9842732,Anna,,,Cannes 2019,Palme d'Or
tt10223044,White Echo,,,Cannes 2019,Palme d'Or
tt10219324,All Inclusive,,,Cannes 2019,Palme d'Or
tt10224698,The Van,,,Cannes 2019,Palme d'Or
tt9381920,Who Talks,,,Cannes 2019,Palme d'Or
tt10224774,Le grand saut,,,Cannes 2019,Palme d'Or
tt10224888,And Then the Bear,,,Cannes 2019,Palme d'Or
tt10224890,Butterflies,,,Cannes 2019,Palme d'Or
tt10224960,The Nap,,,Cannes 2019,Palme d'Or
tt10402938,"Stay Awake, Be Ready",,,Cannes 2019,Palme d'Or
tt10270138,That Which Is to Come Is Just a Promise,,,Cannes 2019,Palme d'Or
tt10241482,Ghost Pleasure,,,Cannes 2019,Palme d'Or
tt10300872,Je te tiens,,,Cannes 2019,Palme d'Or
tt10415670,Grand Bouquet,,,Cannes 2019,Palme d'Or
tt10384326,The Marvelous Misadventures of the Stone Lady,,,Cannes 2019,Palme d'Or
tt10384208,Olla,,,Cannes 2019,Palme d'Or
tt10396328,Piece of Meat,,,Cannes 2019,Palme d'Or
tt10415676,Movements,,,Cannes 2019,Palme d'Or
tt2066051,Rocketman,,,Cannes 2019,Palme d'Or
tt8963708,And Then We Danced,,,Cannes 2019,Palme d'Or
tt9056192,Zombi Child,,,Cannes 2019,Palme d'Or
tt10366272,Indianara,,,Cannes 2019,Palme d'Or
tt9403508,5B,,,Cannes 2019,Palme d'Or
tt10272534,Lux Æterna,,,Cannes 2019,Palme d'Or
tt10228180,Tlamess,,,Cannes 2019,Palme d'Or
tt8368406,Vivarium,,,Cannes 2019,Palme d'Or
tt9617456,For Sama,,,Cannes 2019,Palme d'Or
tt9567718,The Cordillera of Dreams,,,Cannes 2019,Palme d'Or
tt5433114,Diego Maradona,,,Cannes 2019,Palme d'Or
tt10208192,Let It Be Law,,,Cannes 2019,Palme d'Or
tt9114472,Ice on Fire,,,Cannes 2019,Palme d'Or
tt10299146,Forman vs. Forman,,,Cannes 2019,Palme d'Or
tt10299138,La passione di Anna Magnani,,,Cannes 2019,Palme d'Or
tt10299144,Cinecittà - I mestieri del cinema Bernardo Bertolucci: No End Travelling,,,Cannes 2019,Palme d'Or
tt9801736,"A White, White Day",,,Cannes 2019,Palme d'Or
tt10219160,She Runs,,,Cannes 2019,Palme d'Or
tt11320234,Agapé,,,Cannes 2020,Cinefondation Award
tt11232334,Taipei Suicide Story,,,Cannes 2020,Cinefondation Award
tt12241006,Menarca,,,Cannes 2020,Cinefondation Award
tt12594020,I Am Afraid to Forget Your Face,,,Cannes 2020,Cinefondation Award
tt10834312,Camille Contactless,,,Cannes 2020,Cinefondation Award
tt12974818,David,,,Cannes 2020,Cinefondation Award
tt12575606,"Benjamin, Benny, Ben",,,Cannes 2020,Cinefondation Award
tt10346180,Blue Fear,,,Cannes 2020,Cinefondation Award
tt12561066,Motorway 65,,,Cannes 2020,Cinefondation Award
tt12589818,The Lamb of God,,,Cannes 2020,Cinefondation Award
tt11638406,Mountain Cat,,,Cannes 2020,Cinefondation Award
tt12629626,Son of Sodom,,,Cannes 2020,Cinefondation Award
tt10204976,Sudden Light,,,Cannes 2020,Cinefondation Award
tt8448860,Stephanie,,,Cannes 2020,Cinefondation Award
tt10692788,After Love,,,Cannes 2020,Cinefondation Award
tt10944760,Titane,,,Cannes 2021,Palme d'Or
tt6217926,Annette,,,Cannes 2021,Palme d'Or
tt8205028,The Story of My Wife,,,Cannes 2021,Palme d'Or
tt6823148,Benedetta,,,Cannes 2021,Palme d'Or
tt6910282,Bergman Island,,,Cannes 2021,Palme d'Or
tt14039582,Drive My Car,,,Cannes 2021,Palme d'Or
tt2304637,Flag Day,,,Cannes 2021,Palme d'Or
tt12494638,Ahed's Knee,,,Cannes 2021,Palme d'Or
tt14773800,Casablanca Beats,,,Cannes 2021,Palme d'Or
tt10262648,Compartment Number 6,,,Cannes 2021,Palme d'Or
tt10370710,The Worst Person in the World,,,Cannes 2021,Palme d'Or
tt13321730,The Divide,,,Cannes 2021,Palme d'Or
tt11611486,The Restless,,,Cannes 2021,Palme d'Or
tt12708658,"Paris, 13th District",,,Cannes 2021,Palme d'Or
tt13846546,Lingui,,,Cannes 2021,Palme d'Or
tt8399288,Memoria,,,Cannes 2021,Palme d'Or
tt13694628,Nitram,,,Cannes 2021,Palme d'Or
tt9714030,France,,,Cannes 2021,Palme d'Or
tt10380900,Petrov's Flu,,,Cannes 2021,Palme d'Or
tt13453006,Red Rocket,,,Cannes 2021,Palme d'Or
tt8847712,The French Dispatch,,,Cannes 2021,Palme d'Or
tt9110904,Three Floors,,,Cannes 2021,Palme d'Or
tt12847812,Everything Went Fine,,,Cannes 2021,Palme d'Or
tt11777738,A Hero,,,Cannes 2021,Palme d'Or
tt14354724,August Sky,,,Cannes 2021,Palme d'Or
tt8434110,Murina,,,Cannes 2021,Palme d'Or
tt11783988,Moneyboys,,,Cannes 2021,Palme d'Or
tt14775496,Freda,,,Cannes 2021,Palme d'Or
tt9812474,Lamb,,,Cannes 2021,Palme d'Or
tt13582752,My Brothers and I,,,Cannes 2021,Palme d'Or
tt13827606,La civil,,,Cannes 2021,Palme d'Or
tt14773880,Streetwise,,,Cannes 2021,Palme d'Or
tt11087960,Playground,,,Cannes 2021,Palme d'Or
tt14821328,"Mi iubita, mon amour",,,Cannes 2021,Palme d'Or
tt7661518,The Heroics,,,Cannes 2021,Palme d'Or
tt8519380,Are You Lonesome Tonight?,,,Cannes 2021,Palme d'Or
tt14812784,A Night of Knowing Nothing,,,Cannes 2021,Palme d'Or
tt12637442,Clara Sola,,,Cannes 2021,Palme d'Or
tt11338144,A Brighter Tomorrow,,,Cannes 2021,Palme d'Or
tt14812782,Hit the Road,,,Cannes 2021,Palme d'Or
tt14068864,Magnetic Beats,,,Cannes 2021,Palme d'Or
tt11379572,The Hill Where Lionesses Roar,,,Cannes 2021,Palme d'Or
tt14812788,The Sea Ahead,,,Cannes 2021,Palme d'Or
tt13142240,Anaïs in Love,,,Cannes 2021,Palme d'Or
tt13667548,Robust,,,Cannes 2021,Palme d'Or
tt13328732,A Radiant Girl,,,Cannes 2021,Palme d'Or
tt10965850,"Bruno Reidal, Confessions of a Murderer",,,Cannes 2021,Palme d'Or
tt10589738,Libertad,,,Cannes 2021,Palme d'Or
tt13830148,The Tale of King Crab,,,Cannes 2021,Palme d'Or
tt13145186,Olga,,,Cannes 2021,Palme d'Or
tt13926310,Small Body,,,Cannes 2021,Palme d'Or
tt9737568,Amparo,,,Cannes 2021,Palme d'Or
tt14805128,Feathers,,,Cannes 2021,Palme d'Or
tt4440842,The Gravedigger's Wife,,,Cannes 2021,Palme d'Or
tt13482806,Zero Fucks Given,,,Cannes 2021,Palme d'Or
tt11873472,Neptune Frost,,,Cannes 2021,Palme d'Or
tt15018628,The Salamander Child,,,Cannes 2021,Palme d'Or
tt15017380,Cicada,,,Cannes 2021,Palme d'Or
tt14923382,Love Stories on the Move,,,Cannes 2021,Palme d'Or
tt14963616,Cantareira,,,Cannes 2021,Palme d'Or
tt13492552,Other Half,,,Cannes 2021,Palme d'Or
tt14866040,Beasts Among Us,,,Cannes 2021,Palme d'Or
tt14866014,Billy Boy,,,Cannes 2021,Palme d'Or
tt14933622,Bill and Joe Go Duck Hunting,,,Cannes 2021,Palme d'Or
tt14949170,Red Shoes,,,Cannes 2021,Palme d'Or
tt14949156,The Cat from the Deep Sea,,,Cannes 2021,Palme d'Or
tt14871520,Saint Android,,,Cannes 2021,Palme d'Or
tt14972460,King Max,,,Cannes 2021,Palme d'Or
tt15012818,Night Visit,,,Cannes 2021,Palme d'Or
tt14953072,Frida,,,Cannes 2021,Palme d'Or
tt15017360,Free Men,,,Cannes 2021,Palme d'Or
tt14949978,Fonica M-120,,,Cannes 2021,Palme d'Or
tt15022992,The Fall of the Swift,,,Cannes 2021,Palme d'Or
tt14775666,Unclenching the Fists,,,Cannes 2021,Palme d'Or
tt11121664,Blue Bayou,,,Cannes 2021,Palme d'Or
tt14323258,Delo,,,Cannes 2021,Palme d'Or
tt13006574,Good Mother,,,Cannes 2021,Palme d'Or
tt10366574,Prayers for the Stolen,,,Cannes 2021,Palme d'Or
tt13649034,Commitment Hasan,,,Cannes 2021,Palme d'Or
tt8633464,After Yang,,,Cannes 2021,Palme d'Or
tt14775586,Let It Be Morning,,,Cannes 2021,Palme d'Or
tt14775748,Rehana,,,Cannes 2021,Palme d'Or
tt14775784,Great Freedom,,,Cannes 2021,Palme d'Or
tt4028464,The Innocents,,,Cannes 2021,Palme d'Or
tt11873754,Women Do Cry,,,Cannes 2021,Palme d'Or
tt9844938,"Onoda: 10,000 Nights in the Jungle",,,Cannes 2021,Palme d'Or
tt14266422,Soy libre,,,Cannes 2021,Palme d'Or
tt14690342,"Brutalia, ergasimes meres",,,Cannes 2021,Palme d'Or
tt14812814,Lili Alone,,,Cannes 2021,Palme d'Or
tt14812820,Über Wasser,,,Cannes 2021,Palme d'Or
tt14812818,Noir-soleil,,,Cannes 2021,Palme d'Or
tt14701024,Safe,,,Cannes 2021,Palme d'Or
tt13582590,Soldat noir,,,Cannes 2021,Palme d'Or
tt14808928,Intercom 15,,,Cannes 2021,Palme d'Or
tt14812826,If It Ain't Broke,,,Cannes 2021,Palme d'Or
tt14754368,An Invitation,,,Cannes 2021,Palme d'Or
tt14710586,Inherent,,,Cannes 2021,Palme d'Or
tt14324296,A Chiara,,,Cannes 2021,Palme d'Or
tt14812810,Train Again,,,Cannes 2021,Palme d'Or
tt14812822,The Parents' Room,,,Cannes 2021,Palme d'Or
tt14812812,When Night Meets Dawn,,,Cannes 2021,Palme d'Or
tt14812792,Anxious Body,,,Cannes 2021,Palme d'Or
tt14812800,Sycorax,,,Cannes 2021,Palme d'Or
tt14812796,The Sidereal Space,,,Cannes 2021,Palme d'Or
tt9464038,The Windshield Wiper,,,Cannes 2021,Palme d'Or
tt14812804,The Vandal,,,Cannes 2021,Palme d'Or
tt14812798,Simone Is Gone,,,Cannes 2021,Palme d'Or
tt14994868,All the Crows in the World,,,Cannes 2021,Palme d'Or
tt14469014,North Pole,,,Cannes 2021,Palme d'Or
tt14717664,Displaced,,,Cannes 2021,Palme d'Or
tt13238686,Through the Haze,,,Cannes 2021,Palme d'Or
tt14879826,Orthodontics,,,Cannes 2021,Palme d'Or
tt14639404,The Right Words,,,Cannes 2021,Palme d'Or
tt14875862,Sideral,,,Cannes 2021,Palme d'Or
tt14905322,In the Soil,,,Cannes 2021,Palme d'Or
tt14994890,Absence,,,Cannes 2021,Palme d'Or
tt14812786,Returning to Reims (Fragments),,,Cannes 2021,Palme d'Or
tt12322986,Softie,,,Cannes 2021,Palme d'Or
tt15023040,Venus by Water,,,Cannes 2021,Palme d'Or
tt15023058,Ghost Song,,,Cannes 2021,Palme d'Or
tt6992978,The Souvenir: Part II,,,Cannes 2021,Palme d'Or
tt11173544,JFK Revisited: Through the Looking Glass,,,Cannes 2021,Palme d'Or
tt11548822,Cow,,,Cannes 2021,Palme d'Or
tt7230750,The Velvet Underground,,,Cannes 2021,Palme d'Or
tt9850492,Babi Yar. Context,,,Cannes 2021,Palme d'Or
tt14081460,Futura,,,Cannes 2021,Palme d'Or
tt14851374,Jane by Charlotte,,,Cannes 2021,Palme d'Or
tt12544762,Marx Can Wait,,,Cannes 2021,Palme d'Or
tt14731254,Val,,,Cannes 2021,Palme d'Or
tt14775800,Black Notebooks: Ronit,,,Cannes 2021,Palme d'Or
tt14775484,H6,,,Cannes 2021,Palme d'Or
tt14773990,The Year of the Everlasting Storm,,,Cannes 2021,Palme d'Or
tt10370886,The Storms of Jeremy Thomas,,,Cannes 2021,Palme d'Or
tt12998510,Satoshi Kon: The Illusionist,,,Cannes 2021,Palme d'Or
tt8122738,Flickering Ghosts of Loves Gone By,,,Cannes 2021,Palme d'Or
tt14809334,Buñuel: A Surrealist Filmmaker,,,Cannes 2021,Palme d'Or
tt11937680,The Velvet Queen,,,Cannes 2021,Palme d'Or
tt14927320,Invisible demons: tuhon merkit,,,Cannes 2021,Palme d'Or
tt14921614,I'm So Sorry,,,Cannes 2021,Palme d'Or
tt10150684,Bigger Than Us,,,Cannes 2021,Palme d'Or
tt11348980,Animal,,,Cannes 2021,Palme d'Or
tt14999458,The Story of Film: A New Generation,,,Cannes 2021,Palme d'Or
tt14821376,New Worlds: The Cradle of Civilization,,,Cannes 2021,Palme d'Or
tt14983798,Oscar Micheaux: The Superhero of Black Filmmaking,,,Cannes 2021,Palme d'Or
tt15001002,Above Water,,,Cannes 2021,Palme d'Or
tt15000932,All About Yves Montand,,,Cannes 2021,Palme d'Or
tt9114472,Ice on Fire,,,Cannes 2021,Palme d'Or
tt11559472,Ali & Ava,,,Cannes 2021,Palme d'Or
tt10732462,Europa,,,Cannes 2021,Palme d'Or
tt10088984,Between Two Worlds,,,Cannes 2021,Palme d'Or
tt13736078,Ripples of Life,,,Cannes 2021,Palme d'Or
tt14812780,The Employer and the Employee,,,Cannes 2021,Palme d'Or
tt6920356,The Souvenir,,,Cannes 2021,Palme d'Or
tt14050808,Întregalde,,,Cannes 2021,Palme d'Or
tt14064662,The Braves,,,Cannes 2021,Palme d'Or
tt13846494,Medusa,,,Cannes 2021,Palme d'Or
tt14812778,The Tsugua Diaries,,,Cannes 2021,Palme d'Or
tt9348908,Our Men,,,Cannes 2021,Palme d'Or
tt15194556,Under the pillow,,,Cannes 2021,Palme d'Or
tt7322224,Triangle of Sadness,,,Cannes 2022,Palme d'Or
tt18550140,Holy Spider,,,Cannes 2022,Palme d'Or
tt14976386,Forever Young,,,Cannes 2022,Palme d'Or
tt14549466,Crimes of the Future,,,Cannes 2022,Palme d'Or
tt18317064,Tori and Lokita,,,Cannes 2022,Palme d'Or
tt10354106,Stars at Noon,,,Cannes 2022,Palme d'Or
tt14622802,Brother and Sister,,,Cannes 2022,Palme d'Or
tt9660502,Close,,,Cannes 2022,Palme d'Or
tt10343028,Armageddon Time,,,Cannes 2022,Palme d'Or
tt13056052,Broker,,,Cannes 2022,Palme d'Or
tt14034614,Nostalgia,,,Cannes 2022,Palme d'Or
tt18550182,R.M.N.,,,Cannes 2022,Palme d'Or
tt12477480,Decision to Leave,,,Cannes 2022,Palme d'Or
tt13923216,Showing Up,,,Cannes 2022,Palme d'Or
tt15452062,Cairo Conspiracy,,,Cannes 2022,Palme d'Or
tt17538510,Tchaikovsky's Wife,,,Cannes 2022,Palme d'Or
tt19653180,Leila's Brothers,,,Cannes 2022,Palme d'Or
tt19652910,EO,,,Cannes 2022,Palme d'Or
tt14641542,The Eight Mountains,,,Cannes 2022,Palme d'Or
tt17014214,Mother and Son,,,Cannes 2022,Palme d'Or
tt13702796,Pacifiction,,,Cannes 2022,Palme d'Or
tt16227002,War Pony,,,Cannes 2022,Palme d'Or
tt19719904,Plan 75,,,Cannes 2022,Palme d'Or
tt19719862,The Worst Ones,,,Cannes 2022,Palme d'Or
tt14867294,Butterfly Vision,,,Cannes 2022,Palme d'Or
tt19719976,Joyland,,,Cannes 2022,Palme d'Or
tt19770238,Aftersun,,,Cannes 2022,Palme d'Or
tt14981626,Alma Viva,,,Cannes 2022,Palme d'Or
tt19768016,Love According to Dalva,,,Cannes 2022,Palme d'Or
tt19768056,The Pack,,,Cannes 2022,Palme d'Or
tt13925988,The Woodcutter Story,,,Cannes 2022,Palme d'Or
tt19768694,Nos cérémonies,,,Cannes 2022,Palme d'Or
tt19768760,Imagine,,,Cannes 2022,Palme d'Or
tt12121582,When You Finish Saving the World,,,Cannes 2022,Palme d'Or
tt14913250,Everybody Loves Jeanne,,,Cannes 2022,Palme d'Or
tt8174412,Funny Pages,,,Cannes 2022,Palme d'Or
tt16764906,The Vagabonds,,,Cannes 2022,Palme d'Or
tt19758012,Chile '76,,,Cannes 2022,Palme d'Or
tt14300504,The Water,,,Cannes 2022,Palme d'Or
tt11448830,Falcon Lake,,,Cannes 2022,Palme d'Or
tt9455468,Pamfir,,,Cannes 2022,Palme d'Or
tt18397006,Al-Sadd,,,Cannes 2022,Palme d'Or
tt19711858,A Male,,,Cannes 2022,Palme d'Or
tt18285792,Marcel!,,,Cannes 2022,Palme d'Or
tt10290244,Little Nicholas - Happy as Can Be,,,Cannes 2022,Palme d'Or
tt19719940,Rodeo,,,Cannes 2022,Palme d'Or
tt6931658,Hunt,,,Cannes 2022,Palme d'Or
tt19815650,Il barbiere complottista,,,Cannes 2022,Palme d'Or
tt19844794,Di Er,,,Cannes 2022,Palme d'Or
tt19844752,Les humains sont cons quand ils s'empilent,,,Cannes 2022,Palme d'Or
tt16262788,Glorious Revolution,,,Cannes 2022,Palme d'Or
tt19811286,Chlieb nás kazdodenný,,,Cannes 2022,Palme d'Or
tt16350184,MumLife,,,Cannes 2022,Palme d'Or
tt19844738,Tout ceci vous reviendra,,,Cannes 2022,Palme d'Or
tt19396182,The Pass,,,Cannes 2022,Palme d'Or
tt19844764,Sheherut,,,Cannes 2022,Palme d'Or
tt19844770,Nauha,,,Cannes 2022,Palme d'Or
tt19844786,We Are Not There Tomorrow,,,Cannes 2022,Palme d'Or
tt19844808,Feng Zheng,,,Cannes 2022,Palme d'Or
tt19844842,Mistida,,,Cannes 2022,Palme d'Or
tt15434988,100% Flået Kærlighed,,,Cannes 2022,Palme d'Or
tt19814970,Hajszálrepedés,,,Cannes 2022,Palme d'Or
tt19512794,Spring Roll Dream,,,Cannes 2022,Palme d'Or
tt11052678,The Silent Twins,,,Cannes 2022,Palme d'Or
tt12253164,Metronom,,,Cannes 2022,Palme d'Or
tt18816518,Sick of Myself,,,Cannes 2022,Palme d'Or
tt19623228,Godland,,,Cannes 2022,Palme d'Or
tt11992694,Corsage,,,Cannes 2022,Palme d'Or
tt11897478,The Stranger,,,Cannes 2022,Palme d'Or
tt14859416,Burning Days,,,Cannes 2022,Palme d'Or
tt19719836,Return to Seoul,,,Cannes 2022,Palme d'Or
tt14275050,More Than Ever,,,Cannes 2022,Palme d'Or
tt19785426,Mediterranean Fever,,,Cannes 2022,Palme d'Or
tt17679584,The Blue Caftan,,,Cannes 2022,Palme d'Or
tt9317274,Harka,,,Cannes 2022,Palme d'Or
tt19719864,Domingo y la niebla,,,Cannes 2022,Palme d'Or
tt14860210,Father & Soldier,,,Cannes 2022,Palme d'Or
tt16909478,The Mountain,,,Cannes 2022,Palme d'Or
tt19781742,Ston throno tou Xerxi,,,Cannes 2022,Palme d'Or
tt13482828,One Fine Morning,,,Cannes 2022,Palme d'Or
tt20223306,Staging Death,,,Cannes 2022,Palme d'Or
tt19889104,"Maria Schneider, 1983",,1983,Cannes 2022,Palme d'Or
tt20223392,Beben,,,Cannes 2022,Palme d'Or
tt19845700,"Happy New Year, Jim",,,Cannes 2022,Palme d'Or
tt15713008,Jitterbug,,,Cannes 2022,Palme d'Or
tt19932882,Aribada,,,Cannes 2022,Palme d'Or
tt19931202,As Time Passes,,,Cannes 2022,Palme d'Or
tt20223436,Des jeunes filles enterrent leur vie,,,Cannes 2022,Palme d'Or
tt20223332,The Spiral,,,Cannes 2022,Palme d'Or
tt10311018,Brother's Keeper,,,Cannes 2022,Palme d'Or
tt19844654,Hai Bian Sheng Qi Yi Zuo Xuan Ya,,,Cannes 2022,Palme d'Or
tt19844612,Tsutsue,,,Cannes 2022,Palme d'Or
tt19844632,A Short Story,,,Cannes 2022,Palme d'Or
tt19844646,Lori,,,Cannes 2022,Palme d'Or
tt18937168,Uogos,,,Cannes 2022,Palme d'Or
tt16226770,Same Old,,,Cannes 2022,Palme d'Or
tt19844694,Le feu au lac,,,Cannes 2022,Palme d'Or
tt19844708,Persona,,,Cannes 2022,Palme d'Or
tt19844712,Luz Nocturna,,,Cannes 2022,Palme d'Or
tt13649314,Irma Vep,,,Cannes 2022,Palme d'Or
tt14831708,Diary of a Fleeting Affair,,,Cannes 2022,Palme d'Or
tt16310962,Dodo,,,Cannes 2022,Palme d'Or
tt9883832,Moonage Daydream,,,Cannes 2022,Palme d'Or
tt19841846,Riposte féministe,,,Cannes 2022,Palme d'Or
tt13391708,The Five Devils,,,Cannes 2022,Palme d'Or
tt8923444,Continental Drift (South),,,Cannes 2022,Palme d'Or
tt11460816,Will-o'-the-Wisp,,,Cannes 2022,Palme d'Or
tt19781792,Dang wo wang xiang ni de shi hou,,,Cannes 2022,Palme d'Or
tt19781766,Las criaturas que se derriten bajo el sol,,,Cannes 2022,Palme d'Or
tt19768940,Swan in the Center,,,Cannes 2022,Palme d'Or
tt19768100,Hideous,,,Cannes 2022,Palme d'Or
tt16377862,All That Breathes,,,Cannes 2022,Palme d'Or
tt11764342,Jerry Lee Lewis: Trouble in Mind,,,Cannes 2022,Palme d'Or
tt19725896,The Natural History of Destruction,,,Cannes 2022,Palme d'Or
tt19797494,My Imaginary Country,,,Cannes 2022,Palme d'Or
tt19758084,The Super 8 Years,,,Cannes 2022,Palme d'Or
tt19783948,The Fabric of the Human Body,,,Cannes 2022,Palme d'Or
tt19885538,"Gérard Philipe, le dernier hiver du Cid",,,Cannes 2022,Palme d'Or
tt19885590,Hommage d'une fille à son père,,,Cannes 2022,Palme d'Or
tt19885474,"Jane Campion, la femme cinéma",,,Cannes 2022,Palme d'Or
tt19885624,Official Film of the Olympic Games Tokyo 2020 Side A,,2020,Cannes 2022,Palme d'Or
tt14018794,L'ombre de Goya par Jean-Claude Carrière,,,Cannes 2022,Palme d'Or
tt19885580,"Patrick Dewaere, mon héros",,,Cannes 2022,Palme d'Or
tt20212630,Salam,,,Cannes 2022,Palme d'Or
tt19885446,"Romy, femme libre",,,Cannes 2022,Palme d'Or
tt20221546,Mariupolis 2,,,Cannes 2022,Palme d'Or
tt20249458,Christophe définitivement,,,Cannes 2022,Palme d'Or
tt20222582,For the Sake of Peace,,,Cannes 2022,Palme d'Or
tt20223278,The Potemkinists,,,Cannes 2022,Palme d'Or
tt15732372,The Green Perfume,,,Cannes 2022,Palme d'Or
tt19783912,Ashkal: The Tunisian Investigation,,,Cannes 2022,Palme d'Or
tt10375396,God's Creatures,,,Cannes 2022,Palme d'Or
tt19785552,Les Harkis,,,Cannes 2022,Palme d'Or
tt13841850,Men,,,Cannes 2022,Palme d'Or
tt14212090,Scarlet,,,Cannes 2022,Palme d'Or
tt15329224,Revoir Paris,,,Cannes 2022,Palme d'Or
tt11698800,Enys Men,,,Cannes 2022,Palme d'Or
tt15307126,Under the Fig Trees,,,Cannes 2022,Palme d'Or
tt19781688,Ice Merchants,,,Cannes 2022,Palme d'Or
tt19770402,Cuerdas,,,Cannes 2022,Palme d'Or
tt19769362,Nisam je stigao voljeti,,,Cannes 2022,Palme d'Or
tt19769204,It's Nice in Here,,,Cannes 2022,Palme d'Or
tt19769012,Raie Manta,,,Cannes 2022,Palme d'Or
tt19781694,Canker,,,Cannes 2022,Palme d'Or
tt10855054,Glimpse,,,Cannes 2022,Palme d'Or
tt15739722,"Madame Pirate, Becoming a Legend",,,Cannes 2022,Palme d'Or
tt17009710,Anatomy of a Fall,,,Cannes 2023,Palme d'Or
tt18235146,Club Zero,,,Cannes 2023,Palme d'Or
tt7160372,The Zone of Interest,,,Cannes 2023,Palme d'Or
tt21027780,Fallen Leaves,,,Cannes 2023,Palme d'Or
tt27502426,Four Daughters,,,Cannes 2023,Palme d'Or
tt14230388,Asteroid City,,,Cannes 2023,Palme d'Or
tt23736044,Monster,,,Cannes 2023,Palme d'Or
tt16731908,A Brighter Tomorrow,,,Cannes 2023,Palme d'Or
tt14550346,Last Summer,,,Cannes 2023,Palme d'Or
tt13231544,About Dry Grasses,,,Cannes 2023,Palme d'Or
tt14561712,La Chimera,,,Cannes 2023,Palme d'Or
tt19760052,The Taste of Things,,,Cannes 2023,Palme d'Or
tt14137416,Kidnapped: The Abduction of Edgardo Mortara,,,Cannes 2023,Palme d'Or
tt13651794,May December,,,Cannes 2023,Palme d'Or
tt8469104,Youth (Spring),,,Cannes 2023,Palme d'Or
tt19883634,The Old Oak,,,Cannes 2023,Palme d'Or
tt26256406,Banel & Adama,,,Cannes 2023,Palme d'Or
tt27503384,Perfect Days,,,Cannes 2023,Palme d'Or
tt15000156,Firebrand,,,Cannes 2023,Palme d'Or
tt22463404,Homecoming,,,Cannes 2023,Palme d'Or
tt9663896,Asphalt City,,,Cannes 2023,Palme d'Or
tt27658383,Intrusion,,,Cannes 2023,Palme d'Or
tt10399622,Inside the Yellow Cocoon Shell,,,Cannes 2023,Palme d'Or
tt22890246,How to Have Sex,,,Cannes 2023,Palme d'Or
tt14330672,Goodbye Julia,,,Cannes 2023,Palme d'Or
tt10370812,The Settlers,,,Cannes 2023,Palme d'Or
tt21086802,Omen,,,Cannes 2023,Palme d'Or
tt21605226,If Only I Could Hibernate,,,Cannes 2023,Palme d'Or
tt27502351,Hopeless,,,Cannes 2023,Palme d'Or
tt14748950,All to Play For,,,Cannes 2023,Palme d'Or
tt25750836,Hounds,,,Cannes 2023,Palme d'Or
tt7575046,Riddle of Fire,,,Cannes 2023,Palme d'Or
tt27470830,In Flames,,,Cannes 2023,Palme d'Or
tt27540911,A Song Sung Blue,,,Cannes 2023,Palme d'Or
tt27722061,The Feeling That the Time for Doing Something Has Passed,,,Cannes 2023,Palme d'Or
tt27732307,Grace,,,Cannes 2023,Palme d'Or
tt27502506,The King of Algiers,,,Cannes 2023,Palme d'Or
tt25406412,Inshallah a Boy,,,Cannes 2023,Palme d'Or
tt21992864,It's Raining in the House,,,Cannes 2023,Palme d'Or
tt23790924,Vincent Must Die,,,Cannes 2023,Palme d'Or
tt27531109,The Rapture,,,Cannes 2023,Palme d'Or
tt8209702,Sleep,,,Cannes 2023,Palme d'Or
tt10037498,Power Alley,,,Cannes 2023,Palme d'Or
tt27604407,Norwegian Offspring,,,Cannes 2023,Palme d'Or
tt27710613,Hole,,,Cannes 2023,Palme d'Or
tt27683614,Ayyur,,,Cannes 2023,Palme d'Or
tt27604269,Killing Boris Johnson,,,Cannes 2023,Palme d'Or
tt27664265,Uhrmenschen,,,Cannes 2023,Palme d'Or
tt27448903,A Bright Sunny Day,,,Cannes 2023,Palme d'Or
tt27624809,The Call of the Brook,,,Cannes 2023,Palme d'Or
tt27485183,Imogene,,,Cannes 2023,Palme d'Or
tt27683631,Electra,,,Cannes 2023,Palme d'Or
tt27683671,Trenc d'alba,,,Cannes 2023,Palme d'Or
tt27683871,Nehemich,,,Cannes 2023,Palme d'Or
tt27684790,The Lee Families,,,Cannes 2023,Palme d'Or
tt27698010,La voix des autres,,,Cannes 2023,Palme d'Or
tt27698046,Solos,,,Cannes 2023,Palme d'Or
tt27607430,Osmý den,,,Cannes 2023,Palme d'Or
tt27710632,Daroone poust,,,Cannes 2023,Palme d'Or
tt16606592,The Animal Kingdom,,,Cannes 2023,Palme d'Or
tt18558306,The Delinquents,,,Cannes 2023,Palme d'Or
tt15307068,The Mother of All Lies,,,Cannes 2023,Palme d'Or
tt22487338,The Nature of Love,,,Cannes 2023,Palme d'Or
tt27502245,The Buriti Flower,,,Cannes 2023,Palme d'Or
tt17052842,The Breaking Ice,,,Cannes 2023,Palme d'Or
tt26342863,Rosalie,,,Cannes 2023,Palme d'Or
tt18180926,The New Boy,,,Cannes 2023,Palme d'Or
tt27502360,Terrestrial Verses,,,Cannes 2023,Palme d'Or
tt27590147,Only the River Flows,,,Cannes 2023,Palme d'Or
tt24797140,Salem,,,Cannes 2023,Palme d'Or
tt27706804,A Prince,,,Cannes 2023,Palme d'Or
tt27728178,The Red Sea Makes Me Wanna Cry,,,Cannes 2023,Palme d'Or
tt27756953,"La maison brûle, autant se réchauffer",,,Cannes 2023,Palme d'Or
tt27664169,Il compleanno di Enrico,,,Cannes 2023,Palme d'Or
tt27547624,Talking to the River,,,Cannes 2023,Palme d'Or
tt27897697,Oyu,,,Cannes 2023,Palme d'Or
tt27770035,Mast-del,,,Cannes 2023,Palme d'Or
tt27795342,Margarethe 89,,,Cannes 2023,Palme d'Or
tt27543446,Lemon Tree,,,Cannes 2023,Palme d'Or
tt27540821,I Saw the Face of the Devil,,,Cannes 2023,Palme d'Or
tt27803887,Dans la tête un orage,,,Cannes 2023,Palme d'Or
tt27546190,The Sweet East,,,Cannes 2023,Palme d'Or
tt27819782,Mambar Pierrette,,,Cannes 2023,Palme d'Or
tt27752060,Légua,,,Cannes 2023,Palme d'Or
tt16160622,The Goldman Case,,,Cannes 2023,Palme d'Or
tt15732890,The Book of Solutions,,,Cannes 2023,Palme d'Or
tt26744610,L'autre Laurens,,,Cannes 2023,Palme d'Or
tt27541074,In Our Day,,,Cannes 2023,Palme d'Or
tt27789218,Deserts,,,Cannes 2023,Palme d'Or
tt21869176,Creatura,,,Cannes 2023,Palme d'Or
tt16090596,She Is Conann,,,Cannes 2023,Palme d'Or
tt27737950,Blackbird Blackbird Blackberry,,,Cannes 2023,Palme d'Or
tt11112532,Agra,,,Cannes 2023,Palme d'Or
tt27549515,Boléro,,,Cannes 2023,Palme d'Or
tt27549360,I Promise You Paradise,,,Cannes 2023,Palme d'Or
tt13021784,27,,,Cannes 2023,Palme d'Or
tt27611321,As It Was,,,Cannes 2023,Palme d'Or
tt27612246,Basri & Salma in a Never-Ending Comedy,,,Cannes 2023,Palme d'Or
tt25436674,Tits,,,Cannes 2023,Palme d'Or
tt20356046,Aunque es de noche,,,Cannes 2023,Palme d'Or
tt27648555,Poof,,,Cannes 2023,Palme d'Or
tt27658326,Wild Summon,,,Cannes 2023,Palme d'Or
tt27683608,Le sexe de ma mère,,,Cannes 2023,Palme d'Or
tt27689988,Nada de todo esto,,,Cannes 2023,Palme d'Or
tt27770907,La Perra,,,Cannes 2023,Palme d'Or
tt14954666,The Idol,,,Cannes 2023,Palme d'Or
tt16969006,Along Came Love,,,Cannes 2023,Palme d'Or
tt27502365,Kubi,,,Cannes 2023,Palme d'Or
tt13055264,Strange Way of Life,,,Cannes 2023,Palme d'Or
tt27767715,Stranger,,,Cannes 2023,Palme d'Or
tt9573150,Occupied City,,,Cannes 2023,Palme d'Or
tt27502250,Anselm,,,Cannes 2023,Palme d'Or
tt27502265,Man in Black,,,Cannes 2023,Palme d'Or
tt26714897,Little Girl Blue,,,Cannes 2023,Palme d'Or
tt27599265,Bread & Roses,,,Cannes 2023,Palme d'Or
tt27502227,Pictures of Ghosts,,,Cannes 2023,Palme d'Or
tt27729122,Room 999,,,Cannes 2023,Palme d'Or
tt27766499,Catching Fire: The Story of Anita Pallenberg,,,Cannes 2023,Palme d'Or
tt27766523,Viva Varda!,,,Cannes 2023,Palme d'Or
tt27766587,Nelson Pereira dos Santos - Vida de Cinema,,,Cannes 2023,Palme d'Or
tt27766616,"La saga Rassam-Berri, le cinéma dans les veines",,,Cannes 2023,Palme d'Or
tt27766646,Godard par Godard,,,Cannes 2023,Palme d'Or
tt27688036,Liv Ullmann: A Road Less Travelled,,,Cannes 2023,Palme d'Or
tt10803634,Tiger Stripes,,,Cannes 2023,Palme d'Or
tt6430442,Lost Country,,,Cannes 2023,Palme d'Or
tt27549278,Krokodyl,,,Cannes 2023,Palme d'Or
tt27549437,Via Dolorosa,,,Cannes 2023,Palme d'Or
tt15908902,The Real Truth about the Fight,,,Cannes 2023,Palme d'Or
tt27385597,La saison pourpre,,,Cannes 2023,Palme d'Or
tt27531839,Corpos Cintilantes,,,Cannes 2023,Palme d'Or
tt18160708,Contadores,,,Cannes 2023,Palme d'Or
tt27550420,Walking with Her Into the Night,,,Cannes 2023,Palme d'Or
tt27559217,Arkhé,,,Cannes 2023,Palme d'Or
tt26699529,Marguerite's Theorem,,,Cannes 2023,Palme d'Or
tt28607951,Anora,,,Cannes 2024,Palme d'Or
tt10128846,Megalopolis,,,Cannes 2024,Palme d'Or
tt8368368,The Apprentice,,,Cannes 2024,Palme d'Or
tt28608358,Motel Destino,,,Cannes 2024,Palme d'Or
tt28277817,Bird,,,Cannes 2024,Palme d'Or
tt20221436,Emilia Pérez,,,Cannes 2024,Palme d'Or
tt20212786,The Shrouds,,,Cannes 2024,Palme d'Or
tt17526714,The Substance,,,Cannes 2024,Palme d'Or
tt27180099,Grand Tour,,,Cannes 2024,Palme d'Or
tt32086069,Marcello Mio,,,Cannes 2024,Palme d'Or
tt27958252,Caught by the Tides,,,Cannes 2024,Palme d'Or
tt32086077,All We Imagine as Light,,,Cannes 2024,Palme d'Or
tt22408160,Kinds of Kindness,,,Cannes 2024,Palme d'Or
tt27490099,Beating Hearts,,,Cannes 2024,Palme d'Or
tt28319139,Wild Diamond,,,Cannes 2024,Palme d'Or
tt29994753,"Oh, Canada",,,Cannes 2024,Palme d'Or
tt2963262,Limonov: The Ballad of Eddie,,,Cannes 2024,Palme d'Or
tt23853982,Parthenope,,,Cannes 2024,Palme d'Or
tt10236164,The Girl with the Needle,,,Cannes 2024,Palme d'Or
tt10462154,The Most Precious of Cargoes,,,Cannes 2024,Palme d'Or
tt32178949,The Seed of the Sacred Fig,,,Cannes 2024,Palme d'Or
tt32186523,Three Kilometres to the End of the World,,,Cannes 2024,Palme d'Or
tt32205780,Mau por um momento,,,Cannes 2024,Palme d'Or
tt26745321,Armand,,,Cannes 2024,Palme d'Or
tt32086032,The Kingdom,,,Cannes 2024,Palme d'Or
tt27198573,Dog on Trial,,,Cannes 2024,Palme d'Or
tt32046117,The Village Next to Paradise,,,Cannes 2024,Palme d'Or
tt29315015,September Says,,,Cannes 2024,Palme d'Or
tt32119317,Block Pass,,,Cannes 2024,Palme d'Or
tt32119297,Blue Sun Palace,,,Cannes 2024,Palme d'Or
tt27804164,Julie Keeps Quiet,,,Cannes 2024,Palme d'Or
tt32058418,Locust,,,Cannes 2024,Palme d'Or
tt32119337,Simon of the Mountain,,,Cannes 2024,Palme d'Or
tt30135174,Ghost Trail,,,Cannes 2024,Palme d'Or
tt28349668,Queens of Drama,,,Cannes 2024,Palme d'Or
tt28633405,Gazer,,,Cannes 2024,Palme d'Or
tt30319516,Good One,,,Cannes 2024,Palme d'Or
tt11101808,Mongrel,,,Cannes 2024,Palme d'Or
tt28332337,Eephus,,,Cannes 2024,Palme d'Or
tt32086034,Holy Cow,,,Cannes 2024,Palme d'Or
tt9376490,Norah,,,Cannes 2024,Palme d'Or
tt26656556,Niki,,,Cannes 2024,Palme d'Or
tt32060445,Sister Midnight,,,Cannes 2024,Palme d'Or
tt28493138,Sunflowers Were the First Ones to Know...,,,Cannes 2024,Palme d'Or
tt28520484,To haos pou afise piso tis,,,Cannes 2024,Palme d'Or
tt32205836,Out the Window Through the Wall,,,Cannes 2024,Palme d'Or
tt31548153,Bunnyhood,,,Cannes 2024,Palme d'Or
tt32205793,Banished Love,,,Cannes 2024,Palme d'Or
tt32195911,Praeis,,,Cannes 2024,Palme d'Or
tt32205784,Crow Man,,,Cannes 2024,Palme d'Or
tt32205822,The Deer's Tooth,,,Cannes 2024,Palme d'Or
tt32205809,Echoes,,,Cannes 2024,Palme d'Or
tt32196842,Elevación,,,Cannes 2024,Palme d'Or
tt32205828,Forest of Echos,,,Cannes 2024,Palme d'Or
tt32205816,In spirito,,,Cannes 2024,Palme d'Or
tt32205848,It's Not Time for Pop,,,Cannes 2024,Palme d'Or
tt32205813,Terminal,,,Cannes 2024,Palme d'Or
tt32205843,Three,,,Cannes 2024,Palme d'Or
tt32205812,Mauvais coton,,,Cannes 2024,Palme d'Or
tt32205823,Plevel,,,Cannes 2024,Palme d'Or
tt32205833,Withered Blossoms,,,Cannes 2024,Palme d'Or
tt28131427,Black Dog,,,Cannes 2024,Palme d'Or
tt15437986,The Shameless,,,Cannes 2024,Palme d'Or
tt32086046,Souleymane's Story,,,Cannes 2024,Palme d'Or
tt29296048,The Damned,,,Cannes 2024,Palme d'Or
tt32083311,On Becoming a Guinea Fowl,,,Cannes 2024,Palme d'Or
tt22694908,My Sunshine,,,Cannes 2024,Palme d'Or
tt30444418,Santosh,,,Cannes 2024,Palme d'Or
tt32086052,Viet and Nam,,,Cannes 2024,Palme d'Or
tt4772188,Flow,,,Cannes 2024,Palme d'Or
tt27476906,When the Light Breaks,,,Cannes 2024,Palme d'Or
tt32146361,Absent,,,Cannes 2024,Palme d'Or
tt32128317,The Other Way Around,,,Cannes 2024,Palme d'Or
tt20519854,The Man Who Could Not Remain Silent,,,Cannes 2024,Palme d'Or
tt32205749,Across the Waters,,,Cannes 2024,Palme d'Or
tt32205725,Les belles cicatrices,,,Cannes 2024,Palme d'Or
tt32205710,Ootidé,,,Cannes 2024,Palme d'Or
tt32205738,Rrugës,,,Cannes 2024,Palme d'Or
tt32205767,Perfectly a Strangeness,,,Cannes 2024,Palme d'Or
tt32205717,Sanki Yoxsan,,,Cannes 2024,Palme d'Or
tt21070926,Tea,,,Cannes 2024,Palme d'Or
tt32205704,Volcelest,,,Cannes 2024,Palme d'Or
tt32205774,Amarela,,,Cannes 2024,Palme d'Or
tt27721737,The Balconettes,,,Cannes 2024,Palme d'Or
tt32085997,Misericordia,,,Cannes 2024,Palme d'Or
tt30426575,"To Live, to Die, to Live Again",,,Cannes 2024,Palme d'Or
tt32119268,Baby,,,Cannes 2024,Palme d'Or
tt27907969,Across the Sea,,,Cannes 2024,Palme d'Or
tt32128915,Eat the Night,,,Cannes 2024,Palme d'Or
tt25030744,Most People Die on Sundays,,,Cannes 2024,Palme d'Or
tt31551124,The Belle from Gaza,,,Cannes 2024,Palme d'Or
tt32146402,Southern Brides,,,Cannes 2024,Palme d'Or
tt32146277,My Senses Are All I Have to Offer,,,Cannes 2024,Palme d'Or
tt32144480,Sauna Day,,,Cannes 2024,Palme d'Or
tt32129489,Immaculata,,,Cannes 2024,Palme d'Or
tt27760132,Ernest Cole: Lost and Found,,,Cannes 2024,Palme d'Or
tt20517306,The Brink of Dreams,,,Cannes 2024,Palme d'Or
tt32085975,Elementary,,,Cannes 2024,Palme d'Or
tt32186444,Lula,,,Cannes 2024,Palme d'Or
tt31437303,Nasty,,,Cannes 2024,Palme d'Or
tt32128962,The Falling Sky,,,Cannes 2024,Palme d'Or
tt8510508,Elizabeth Taylor: The Lost Tapes,,,Cannes 2024,Palme d'Or
tt19308034,Jim Henson: Idea Man,,,Cannes 2024,Palme d'Or
tt32220426,"Jacques Rozier, d'une vague à l'autre",,,Cannes 2024,Palme d'Or
tt32220439,Il était une fois Michel Legrand,,,Cannes 2024,Palme d'Or
tt32220413,Walking in the Movies,,,Cannes 2024,Palme d'Or
tt32220386,Faye,,,Cannes 2024,Palme d'Or
tt32186579,An Unfinished Film,,,Cannes 2024,Palme d'Or
tt30416258,Filmlovers!,,,Cannes 2024,Palme d'Or
tt32128938,Savanna and the Mountain,,,Cannes 2024,Palme d'Or
tt32220428,"François Truffaut, le scénario de ma vie",,,Cannes 2024,Palme d'Or
tt32220367,"Jacques Demy, le rose et le noir",,,Cannes 2024,Palme d'Or
tt32357083,Olympiques! La France des Jeux,,,Cannes 2024,Palme d'Or
tt32096614,The Invasion,,,Cannes 2024,Palme d'Or
tt32408421,Hayao Miyazaki and the Heron,,,Cannes 2024,Palme d'Or
tt30797042,This Life of Mine,,,Cannes 2024,Palme d'Or
tt30431204,When the Land Runs Away,,,Cannes 2024,Palme d'Or
tt32129630,The Moving Garden,,,Cannes 2024,Palme d'Or
tt32128968,The Hyperboreans,,,Cannes 2024,Palme d'Or
tt28036831,Ghost Cat Anzu,,,Cannes 2024,Palme d'Or
tt27907999,East of Noon,,,Cannes 2024,Palme d'Or
tt32128870,Desert of Namibia,,,Cannes 2024,Palme d'Or
tt32128666,In His Own Image,,,Cannes 2024,Palme d'Or
tt22023622,To a Land Unknown,,,Cannes 2024,Palme d'Or
tt30851085,Visiting Hours,,,Cannes 2024,Palme d'Or
tt25052668,Christmas Eve in Miller's Point,,,Cannes 2024,Palme d'Or
tt30824664,Plastic Guns,,,Cannes 2024,Palme d'Or
tt31691389,Universal Language,,,Cannes 2024,Palme d'Or
tt32146350,Montsouris Park,,,Cannes 2024,Palme d'Or
tt32144500,Alazar,,,Cannes 2024,Palme d'Or
tt32146395,Dancing in the Corner,,,Cannes 2024,Palme d'Or
tt32146261,A Menina e o Pote,,,Cannes 2024,Palme d'Or
tt32146375,Radikals,,,Cannes 2024,Palme d'Or
tt32146344,She Stays,,,Cannes 2024,Palme d'Or
tt28944835,Colored,,,Cannes 2024,Palme d'Or
tt32205506,En amour,,,Cannes 2024,Palme d'Or
tt28506298,Human Violins - Prelude,,,Cannes 2024,Palme d'Or
tt21391146,Maya: Birth of a Superhero,,,Cannes 2024,Palme d'Or
tt31105714,The Roaming,,,Cannes 2024,Palme d'Or
tt32201322,Telos I,,,Cannes 2024,Palme d'Or
tt30192616,Traversing the Mist,,,Cannes 2024,Palme d'Or
tt32459280,A Girl Unknown,,,Cannes 2024,Palme d'Or
tt36491653,It Was Just an Accident,,,Cannes 2025,Palme d'Or
tt29002950,Resurrection,,,Cannes 2025,Palme d'Or
tt31176520,Eddington,,,Cannes 2025,Palme d'Or
tt27714581,Sentimental Value,,,Cannes 2025,Palme d'Or
tt30840798,The Phoenician Scheme,,,Cannes 2025,Palme d'Or
tt32909489,Young Mothers,,,Cannes 2025,Palme d'Or
tt32275943,Alpha,,,Cannes 2025,Palme d'Or
tt30220107,Renoir,,,Cannes 2025,Palme d'Or
tt15799524,The History of Sound,,,Cannes 2025,Palme d'Or
tt28326501,The Little Sister,,,Cannes 2025,Palme d'Or
tt32298285,Sirāt,,,Cannes 2025,Palme d'Or
tt31688586,Nouvelle Vague,,,Cannes 2025,Palme d'Or
tt35521200,Two Prosecutors,,,Cannes 2025,Palme d'Or
tt34768402,Fuori,,,Cannes 2025,Palme d'Or
tt27847051,The Secret Agent,,,Cannes 2025,Palme d'Or
tt34794183,Case 137,,,Cannes 2025,Palme d'Or
tt33455099,The Mastermind,,,Cannes 2025,Palme d'Or
tt30781967,Eagles of the Republic,,,Cannes 2025,Palme d'Or
tt28690468,Sound of Falling,,,Cannes 2025,Palme d'Or
tt32538648,Romería,,,Cannes 2025,Palme d'Or
tt9362736,Die My Love,,,Cannes 2025,Palme d'Or
tt36631507,Woman and Child,,,Cannes 2025,Palme d'Or
tt36724188,Ali,,,Cannes 2025,Palme d'Or
tt36580119,The President's Cake,,,Cannes 2025,Palme d'Or
tt8667404,The Chronology of Water,,,Cannes 2025,Palme d'Or
tt35453969,Leave One Day,,,Cannes 2025,Palme d'Or
tt35695538,My Father's Shadow,,,Cannes 2025,Palme d'Or
tt30268321,Eleanor the Great,,,Cannes 2025,Palme d'Or
tt35715953,Urchin,,,Cannes 2025,Palme d'Or
tt27907966,Aisha Can't Fly Away,,,Cannes 2025,Palme d'Or
tt29271671,Caravan,,,Cannes 2025,Palme d'Or
tt22237964,The Mysterious Gaze of the Flamingo,,,Cannes 2025,Palme d'Or
tt32792934,The Plague,,,Cannes 2025,Palme d'Or
tt32321317,Pillion,,,Cannes 2025,Palme d'Or
tt29313285,Little Amélie or the Character of Rain,,,Cannes 2025,Palme d'Or
tt33322174,The Wonderers,,,Cannes 2025,Palme d'Or
tt36643684,Mama,,,Cannes 2025,Palme d'Or
tt14883538,Arco,,,Cannes 2025,Palme d'Or
tt22530226,A Useful Ghost,,,Cannes 2025,Palme d'Or
tt32472708,Sleepless City,,,Cannes 2025,Palme d'Or
tt36543850,Reedland,,,Cannes 2025,Palme d'Or
tt35519445,Nino,,,Cannes 2025,Palme d'Or
tt34762801,Love Letters,,,Cannes 2025,Palme d'Or
tt31287262,The Girl in the Snow,,,Cannes 2025,Palme d'Or
tt34000545,Lucky Lu,,,Cannes 2025,Palme d'Or
tt36164712,The Girls We Want,,,Cannes 2025,Palme d'Or
tt36579933,Brand New Landscape,,,Cannes 2025,Palme d'Or
tt33368478,Girl on Edge,,,Cannes 2025,Palme d'Or
tt32284798,Dandelion's Odyssey,,,Cannes 2025,Palme d'Or
tt32843349,"Sorry, Baby",,,Cannes 2025,Palme d'Or
tt36464353,My Mom Jayne,,,Cannes 2025,Palme d'Or
tt33362861,Wild Foxes,,,Cannes 2025,Palme d'Or
tt36724208,First Summer,,,Cannes 2025,Palme d'Or
tt36671448,Sheng Qi Shou,,,Cannes 2025,Palme d'Or
tt36724215,Jinjâbôi,,,Cannes 2025,Palme d'Or
tt36724209,Winter in March,,,Cannes 2025,Palme d'Or
tt35533392,A doll made up of clay,,,Cannes 2025,Palme d'Or
tt32395618,Måske i marts,,,Cannes 2025,Palme d'Or
tt36118499,Ether,,,Cannes 2025,Palme d'Or
tt36724210,My Grandmother Is a Skydiver,,,Cannes 2025,Palme d'Or
tt32748608,Three,,,Cannes 2025,Palme d'Or
tt36671959,Talk Me,,,Cannes 2025,Palme d'Or
tt36985366,Le continent somnambule,,,Cannes 2025,Palme d'Or
tt36724212,Milk and Cookies,,,Cannes 2025,Palme d'Or
tt36724206,Bimo,,,Cannes 2025,Palme d'Or
tt36724203,The Lightning Rod,,,Cannes 2025,Palme d'Or
tt33772384,Meteors,,,Cannes 2025,Palme d'Or
tt32398150,The Great Arch,,,Cannes 2025,Palme d'Or
tt26733325,Homebound,,,Cannes 2025,Palme d'Or
tt33253688,A Pale View of Hills,,,Cannes 2025,Palme d'Or
tt34734841,Once Upon a Time in Gaza,,,Cannes 2025,Palme d'Or
tt33311007,Promised Sky,,,Cannes 2025,Palme d'Or
tt36491632,The Last One for the Road,,,Cannes 2025,Palme d'Or
tt32448429,Heads or Tails?,,,Cannes 2025,Palme d'Or
tt35354686,Love Me Tender,,,Cannes 2025,Palme d'Or
tt36544524,A Poet,,,Cannes 2025,Palme d'Or
tt36642485,I Only Rest in the Storm,,,Cannes 2025,Palme d'Or
tt36996334,Erogenesis,,,Cannes 2025,Palme d'Or
tt36582058,Bread Will Walk,,,Cannes 2025,Palme d'Or
tt36724190,I'm Glad You're Dead Now,,,Cannes 2025,Palme d'Or
tt36671467,Nü hái,,,Cannes 2025,Palme d'Or
tt36693324,Arguments in Favor of Love,,,Cannes 2025,Palme d'Or
tt36693344,The Loneliness of Lizards,,,Cannes 2025,Palme d'Or
tt36684296,The Spectacle,,,Cannes 2025,Palme d'Or
tt36678607,Vultures,,,Cannes 2025,Palme d'Or
tt36724191,Agapito,,,Cannes 2025,Palme d'Or
tt36724195,Hypersensitive,,,Cannes 2025,Palme d'Or
tt36724193,Fille de l'eau,,,Cannes 2025,Palme d'Or
tt36724196,Dammen,,,Cannes 2025,Palme d'Or
tt32759477,The Richest Woman in the World,,,Cannes 2025,Palme d'Or
tt32082522,The Wave,,,Cannes 2025,Palme d'Or
tt32646557,Enzo,,,Cannes 2025,Palme d'Or
tt36885668,Drifting Laurent,,,Cannes 2025,Palme d'Or
tt36553782,Her Will Be Done,,,Cannes 2025,Palme d'Or
tt36510056,Drunken Noodles,,,Cannes 2025,Palme d'Or
tt27722618,Left-Handed Girl,,,Cannes 2025,Palme d'Or
tt33381401,The Love That Remains,,,Cannes 2025,Palme d'Or
tt36930290,Bleat!,,,Cannes 2025,Palme d'Or
tt36581993,Before the Sea Forgets,,,Cannes 2025,Palme d'Or
tt36553675,Imago,,,Cannes 2025,Palme d'Or
tt34968474,The Six Billion Dollar Man,,,Cannes 2025,Palme d'Or
tt36599377,La vie après Siham,,,Cannes 2025,Palme d'Or
tt27052428,Orwell: 2+2=5,,,Cannes 2025,Palme d'Or
tt35931046,Bono: Stories of Surrender,,,Cannes 2025,Palme d'Or
tt36598711,Put Your Soul on Your Hand and Walk,,,Cannes 2025,Palme d'Or
tt36525145,Nuit obscure - 'Ain't I a Child?',,,Cannes 2025,Palme d'Or
tt36554869,Militantropos,,,Cannes 2025,Palme d'Or
tt36414908,Slauson Rec,,,Cannes 2025,Palme d'Or
tt35892253,Bo Being Bo Widerberg,,,Cannes 2025,Palme d'Or
tt35504696,"David Lynch, une énigme à Hollywood",,,Cannes 2025,Palme d'Or
tt36959167,Para Vigo Me Voy!,,,Cannes 2025,Palme d'Or
tt36965993,I Love Peru,,,Cannes 2025,Palme d'Or
tt33400055,Kika,,,Cannes 2025,Palme d'Or
tt28493053,L'Mina,,,Cannes 2025,Palme d'Or
tt36617489,Alisveris,,,Cannes 2025,Palme d'Or
tt36844384,Samba Infinito,,,Cannes 2025,Palme d'Or
tt36987460,Donne batterie,,,Cannes 2025,Palme d'Or
tt36995876,Critical Condition,,,Cannes 2025,Palme d'Or
tt36997447,An-Gyeong,,,Cannes 2025,Palme d'Or
tt37675860,Dieu est timide,,,Cannes 2025,Palme d'Or
tt38057919,Wonderwall,,,Cannes 2025,Palme d'Or
tt36750881,From Dust,,,Cannes 2025,Palme d'Or
tt31500100,Fillos do vento: A Rapa,,,Cannes 2025,Palme d'Or
tt36750032,Beyond the Vivid Unknown,,,Cannes 2025,Palme d'Or
tt36751688,The Exploding Girl VR,,,Cannes 2025,Palme d'Or
tt36751675,La Maison de Poupée,,,Cannes 2025,Palme d'Or
tt36751287,Lacuna,,,Cannes 2025,Palme d'Or
tt35547096,In the Current of Being,,,Cannes 2025,Palme d'Or
tt36751351,Taxi,,,Cannes 2025,Palme d'Or
tt36426513,Lili: Screen Life Thriller,,,Cannes 2025,Palme d'Or
tt32916648,The Party's Over!,,,Cannes 2025,Palme d'Or
tt32247943,Miroirs No. 3,,,Cannes 2025,Palme d'Or
tt32299316,Dangerous Animals,,,Cannes 2025,Palme d'Or
tt33335204,Peak Everything,,,Cannes 2025,Palme d'Or
tt36580117,Untamable,,,Cannes 2025,Palme d'Or
tt35231039,Kokuho,,,Cannes 2025,Palme d'Or
tt32583148,La mort n'existe pas,,,Cannes 2025,Palme d'Or
tt36667493,Yes,,,Cannes 2025,Palme d'Or
tt5437928,Colette,,2018,,
tt5929754,Wildlife,,2018,,
tt6662736,What They Had,,2018,,
tt6952960,The Kindergarten Teacher,,2018,,
tt6205872,Assassination Nation,,2018,,
tt7689906,Monsters and Men,,2018,,
tt6704880,Girls of the Sun,,2018,,
tt4964788,Everybody Knows,,2018,,
tt6543652,Cold War,,2018,,
tt8269552,3 Faces,,2018,,
tt8075192,Shoplifters,,2018,,
tt6768578,Dogman,,2018,,
tt6864046,Shadow,,2018,,
tt6679794,Outlaw King,,2018,,
tt6483364,Teen Spirit,,2018,,
tt5795282,This Changes Everything,,2018,,
tt7280898,22 July,,2018,,
tt5989218,Life Itself,,2018,,
tt1517451,A Star Is Born,,2018,,
tt6388074,Viper Club,,2018,,
tt1213641,First Man,,2018,,
tt5117428,Wild Rose,,2018,,
tt4042818,The Death & Life of John F. Donovan,,2018,,
tt4951982,The Command,,2018,,
tt7137380,Destroyer,,2018,,
tt5859882,Vita & Virginia,,2018,,
tt8726098,Too Late to Die Young,,2018,,
tt6155172,Roma,,2018,,
tt5960374,Vox Lux,,2018,,
tt7282468,Burning,,2018,,
tt7945440,The Lie,,2018,,
tt6966692,Green Book,,2018,,
tt4537896,White Boy Rick,,2018,,
tt5613484,Mid90s,,2018,,
tt8247470,Rosie,,2018,,
tt7008872,Boy Erased,,2018,,
tt4614612,Peterloo,,2018,,
tt5460522,JT LeRoy,,2018,,
tt6297258,Maya,,2018,,
tt6485928,The Land of Steady Habits,,2018,,
tt8781414,Freaks,,2018,,
tt4971344,The Sisters Brothers,,2018,,
tt8632862,Fahrenheit 11/9,,2018,,
tt5057140,Hold the Dark,,2018,,
tt3829266,The Predator,,2018,,
tt4218572,Widows,,2018,,
tt7112154,Asako I & II,,2018,,
tt5501104,Border,,2018,,
tt2837574,The Old Man & the Gun,,2018,,
tt1226837,Beautiful Boy,,2018,,
tt6874254,Out of Blue,,2018,,
tt7074886,The Front Runner,,2018,,
tt5855772,Sunset,,2018,,
tt8267604,Capernaum,,2018,,
tt7464188,In Fabric,,2018,,
tt4595882,Can You Ever Forgive Me?,,2018,,
tt7125860,If Beale Street Could Talk,,2018,,
tt2368254,A Private War,,2018,,
tt1502407,Halloween,,2018,,
tt5580266,The Hate U Give,,2018,,
tt8286894,Rafiki,,2018,,
tt8449092,The Fireflies Are Gone,,2018,,
tt6386748,Birds of Passage,,2018,,
tt7298400,Ash Is Purest White,,2018,,
tt7318102,Angelo,,2018,,
tt7545524,Ben Is Back,,2018,,
tt7775622,Free Solo,,2018,,
tt2639336,Greta,,2018,,
tt7241926,Tell It to the Bees,,2018,,
tt8228538,Papi Chulo,,2018,,
tt6043142,Skin,,2018,,
tt5592796,Driven,,2018,,
tt7069496,Firecrackers,,2018,,
tt1235187,Where Hands Touch,,2018,,
tt6902696,Gloria Bell,,2018,,
tt5461944,Hotel Mumbai,,2018,,
tt5311542,Never Look Away,,2018,,
tt5149490,Gwen,,2018,,
tt4465572,American Woman,,2018,,
tt1127881,Farming,,2018,,
tt7942742,Her Smell,,2018,,
tt4827558,High Life,,2018,,
tt6866224,The Hummingbird Project,,2018,,
tt8811382,Meeting Gorbachev,,2018,,
tt7615302,Red Joan,,2018,,
tt7692966,The Third Wife,,2018,,
tt7645780,The Wedding Guest,,2018,,
tt8426594,The Wind,,2018,,
tt8819192,Women Make Film: A New Road Movie Through Cinema,,2018–,,
tt6365796,The Grizzlies,,2018,,
tt3208026,Black '47,,2018,,
tt3294746,The Public,,2018,,
